onset	duration	section_num	subject_num
27.9942	0.5	18	sub-07
28.9946	0.5	18	sub-07
29.9947	0.5	18	sub-07
30.9942	0.5	18	sub-07
31.9939	0.5	18	sub-07
32.9939	0.5	18	sub-07
33.994	0.5	18	sub-07
34.9943	0.5	18	sub-07
35.9942	0.5	18	sub-07
36.9943	0.5	18	sub-07
37.9942	0.5	18	sub-07
38.9938	0.5	18	sub-07
39.9936	0.5	18	sub-07
40.994	0.5	18	sub-07
41.9937	0.5	18	sub-07
42.9942	0.5	18	sub-07
43.9942	0.5	18	sub-07
44.9942	0.5	18	sub-07
45.9942	0.5	18	sub-07
46.9941	0.5	18	sub-07
47.9942	0.5	18	sub-07
48.9942	0.5	18	sub-07
49.9942	0.5	18	sub-07
50.9939	0.5	18	sub-07
51.9933	0.5	18	sub-07
52.9935	0.5	18	sub-07
53.9942	0.5	18	sub-07
54.9942	0.5	18	sub-07
55.9942	0.5	18	sub-07
56.9941	0.5	18	sub-07
57.9938	0.5	18	sub-07
58.9942	0.5	18	sub-07
59.9942	0.5	18	sub-07
60.9942	0.5	18	sub-07
61.9941	0.5	18	sub-07
62.9938	0.5	18	sub-07
63.9941	0.5	18	sub-07
64.9941	0.5	18	sub-07
65.9942	0.5	18	sub-07
66.9936	0.5	18	sub-07
67.9949	0.5	18	sub-07
68.994	0.5	18	sub-07
69.9941	0.5	18	sub-07
70.994	0.5	18	sub-07
71.9941	0.5	18	sub-07
97.2604	0.5	10	sub-07
98.2601	0.5	10	sub-07
99.2598	0.5	10	sub-07
100.2601	0.5	10	sub-07
101.2598	0.5	10	sub-07
102.2604	0.5	10	sub-07
103.26	0.5	10	sub-07
104.2796	0.5	10	sub-07
105.2771	0.5	10	sub-07
106.2764	0.5	10	sub-07
107.277	0.5	10	sub-07
108.2766	0.5	10	sub-07
109.2771	0.5	10	sub-07
110.2769	0.5	10	sub-07
111.2771	0.5	10	sub-07
112.2764	0.5	10	sub-07
113.2769	0.5	10	sub-07
114.2772	0.5	10	sub-07
115.2772	0.5	10	sub-07
116.2772	0.5	10	sub-07
117.2771	0.5	10	sub-07
118.2769	0.5	10	sub-07
119.2772	0.5	10	sub-07
141.9595	0.5	17	sub-07
142.9603	0.5	17	sub-07
143.9601	0.5	17	sub-07
144.9602	0.5	17	sub-07
145.9598	0.5	17	sub-07
146.96	0.5	17	sub-07
147.9603	0.5	17	sub-07
148.96	0.5	17	sub-07
149.9593	0.5	17	sub-07
150.9602	0.5	17	sub-07
151.9595	0.5	17	sub-07
152.9603	0.5	17	sub-07
153.9597	0.5	17	sub-07
154.9599	0.5	17	sub-07
155.9602	0.5	17	sub-07
156.9602	0.5	17	sub-07
157.9601	0.5	17	sub-07
158.9603	0.5	17	sub-07
159.9602	0.5	17	sub-07
160.9602	0.5	17	sub-07
161.9594	0.5	17	sub-07
162.9602	0.5	17	sub-07
163.9602	0.5	17	sub-07
164.9602	0.5	17	sub-07
165.9602	0.5	17	sub-07
166.96	0.5	17	sub-07
167.9598	0.5	17	sub-07
168.9601	0.5	17	sub-07
169.9601	0.5	17	sub-07
170.96	0.5	17	sub-07
171.9595	0.5	17	sub-07
172.9601	0.5	17	sub-07
173.9594	0.5	17	sub-07
174.9599	0.5	17	sub-07
175.9601	0.5	17	sub-07
176.9601	0.5	17	sub-07
177.9601	0.5	17	sub-07
178.9601	0.5	17	sub-07
179.9601	0.5	17	sub-07
180.9598	0.5	17	sub-07
181.96	0.5	17	sub-07
182.9598	0.5	17	sub-07
183.9601	0.5	17	sub-07
184.9602	0.5	17	sub-07
185.96	0.5	17	sub-07
186.96	0.5	17	sub-07
187.9598	0.5	17	sub-07
188.96	0.5	17	sub-07
189.9601	0.5	17	sub-07
190.9594	0.5	17	sub-07
191.96	0.5	17	sub-07
192.9598	0.5	17	sub-07
193.9596	0.5	17	sub-07
194.9598	0.5	17	sub-07
195.96	0.5	17	sub-07
196.9601	0.5	17	sub-07
197.9601	0.5	17	sub-07
198.9594	0.5	17	sub-07
199.96	0.5	17	sub-07
200.9599	0.5	17	sub-07
201.9593	0.5	17	sub-07
202.96	0.5	17	sub-07
203.9592	0.5	17	sub-07
204.9597	0.5	17	sub-07
205.96	0.5	17	sub-07
206.9594	0.5	17	sub-07
207.9597	0.5	17	sub-07
208.9593	0.5	17	sub-07
209.9596	0.5	17	sub-07
210.9597	0.5	17	sub-07
211.9595	0.5	17	sub-07
212.9599	0.5	17	sub-07
213.9599	0.5	17	sub-07
214.9597	0.5	17	sub-07
215.9599	0.5	17	sub-07
216.9599	0.5	17	sub-07
217.9599	0.5	17	sub-07
218.96	0.5	17	sub-07
219.96	0.5	17	sub-07
220.96	0.5	17	sub-07
221.9599	0.5	17	sub-07
222.9598	0.5	17	sub-07
223.9599	0.5	17	sub-07
224.9595	0.5	17	sub-07
225.9599	0.5	17	sub-07
226.9598	0.5	17	sub-07
227.9598	0.5	17	sub-07
228.9599	0.5	17	sub-07
229.9592	0.5	17	sub-07
230.9599	0.5	17	sub-07
231.9591	0.5	17	sub-07
232.9595	0.5	17	sub-07
233.9599	0.5	17	sub-07
234.9599	0.5	17	sub-07
235.9599	0.5	17	sub-07
236.9598	0.5	17	sub-07
237.9598	0.5	17	sub-07
238.9597	0.5	17	sub-07
239.9592	0.5	17	sub-07
240.9596	0.5	17	sub-07
241.9592	0.5	17	sub-07
242.9595	0.5	17	sub-07
243.9595	0.5	17	sub-07
244.9588	0.5	17	sub-07
245.959	0.5	17	sub-07
246.9591	0.5	17	sub-07
247.9595	0.5	17	sub-07
248.959	0.5	17	sub-07
249.959	0.5	17	sub-07
250.9598	0.5	17	sub-07
251.9597	0.5	17	sub-07
252.9598	0.5	17	sub-07
253.9597	0.5	17	sub-07
254.9596	0.5	17	sub-07
255.9597	0.5	17	sub-07
256.9589	0.5	17	sub-07
257.9596	0.5	17	sub-07
258.9596	0.5	17	sub-07
259.9593	0.5	17	sub-07
260.9596	0.5	17	sub-07
261.959	0.5	17	sub-07
262.9596	0.5	17	sub-07
263.9597	0.5	17	sub-07
264.9595	0.5	17	sub-07
265.9595	0.5	17	sub-07
266.9595	0.5	17	sub-07
267.9596	0.5	17	sub-07
268.9589	0.5	17	sub-07
269.9597	0.5	17	sub-07
270.9596	0.5	17	sub-07
271.9597	0.5	17	sub-07
272.9595	0.5	17	sub-07
273.9596	0.5	17	sub-07
274.9592	0.5	17	sub-07
275.9595	0.5	17	sub-07
276.9596	0.5	17	sub-07
277.9594	0.5	17	sub-07
278.9593	0.5	17	sub-07
279.9594	0.5	17	sub-07
305.5752	0.5	8	sub-07
306.5753	0.5	8	sub-07
307.5761	0.5	8	sub-07
308.576	0.5	8	sub-07
309.5761	0.5	8	sub-07
310.5755	0.5	8	sub-07
311.5757	0.5	8	sub-07
312.5757	0.5	8	sub-07
313.5756	0.5	8	sub-07
314.576	0.5	8	sub-07
315.5753	0.5	8	sub-07
316.576	0.5	8	sub-07
317.576	0.5	8	sub-07
318.5768	0.5	8	sub-07
319.5753	0.5	8	sub-07
320.5761	0.5	8	sub-07
321.5757	0.5	8	sub-07
322.5752	0.5	8	sub-07
323.5752	0.5	8	sub-07
324.5757	0.5	8	sub-07
325.576	0.5	8	sub-07
326.5755	0.5	8	sub-07
327.5759	0.5	8	sub-07
328.576	0.5	8	sub-07
329.5752	0.5	8	sub-07
330.5753	0.5	8	sub-07
331.5755	0.5	8	sub-07
332.576	0.5	8	sub-07
333.5752	0.5	8	sub-07
334.576	0.5	8	sub-07
335.5757	0.5	8	sub-07
336.5756	0.5	8	sub-07
337.5759	0.5	8	sub-07
338.5759	0.5	8	sub-07
339.5759	0.5	8	sub-07
340.5758	0.5	8	sub-07
341.5756	0.5	8	sub-07
342.5753	0.5	8	sub-07
343.5759	0.5	8	sub-07
344.5759	0.5	8	sub-07
345.5753	0.5	8	sub-07
346.5756	0.5	8	sub-07
347.5756	0.5	8	sub-07
348.5759	0.5	8	sub-07
349.5758	0.5	8	sub-07
350.5759	0.5	8	sub-07
351.5756	0.5	8	sub-07
352.5753	0.5	8	sub-07
353.575	0.5	8	sub-07
354.5753	0.5	8	sub-07
355.5753	0.5	8	sub-07
356.5756	0.5	8	sub-07
357.5757	0.5	8	sub-07
358.5755	0.5	8	sub-07
359.5756	0.5	8	sub-07
360.5758	0.5	8	sub-07
361.5752	0.5	8	sub-07
362.5754	0.5	8	sub-07
363.5757	0.5	8	sub-07
364.5756	0.5	8	sub-07
365.5756	0.5	8	sub-07
366.5758	0.5	8	sub-07
367.5753	0.5	8	sub-07
368.5757	0.5	8	sub-07
369.5756	0.5	8	sub-07
370.5751	0.5	8	sub-07
371.5756	0.5	8	sub-07
372.5753	0.5	8	sub-07
373.5755	0.5	8	sub-07
374.575	0.5	8	sub-07
375.5941	0.5	8	sub-07
376.5918	0.5	8	sub-07
377.5924	0.5	8	sub-07
378.5922	0.5	8	sub-07
379.5921	0.5	8	sub-07
380.592	0.5	8	sub-07
381.5924	0.5	8	sub-07
382.5921	0.5	8	sub-07
383.592	0.5	8	sub-07
384.5921	0.5	8	sub-07
385.5921	0.5	8	sub-07
410.5086	0.5	19	sub-07
411.5086	0.5	19	sub-07
412.5083	0.5	19	sub-07
413.5084	0.5	19	sub-07
414.5084	0.5	19	sub-07
415.5084	0.5	19	sub-07
416.5079	0.5	19	sub-07
417.5082	0.5	19	sub-07
418.508	0.5	19	sub-07
419.5085	0.5	19	sub-07
420.508	0.5	19	sub-07
421.508	0.5	19	sub-07
422.5083	0.5	19	sub-07
423.5083	0.5	19	sub-07
424.5081	0.5	19	sub-07
425.508	0.5	19	sub-07
426.5086	0.5	19	sub-07
427.5081	0.5	19	sub-07
428.5088	0.5	19	sub-07
429.5087	0.5	19	sub-07
430.5085	0.5	19	sub-07
431.5088	0.5	19	sub-07
432.508	0.5	19	sub-07
433.5081	0.5	19	sub-07
434.5087	0.5	19	sub-07
435.508	0.5	19	sub-07
436.5087	0.5	19	sub-07
437.508	0.5	19	sub-07
438.5079	0.5	19	sub-07
439.5081	0.5	19	sub-07
440.5081	0.5	19	sub-07
441.5087	0.5	19	sub-07
442.5083	0.5	19	sub-07
443.5084	0.5	19	sub-07
467.091	0.5	12	sub-07
468.0913	0.5	12	sub-07
469.091	0.5	12	sub-07
470.0914	0.5	12	sub-07
471.0908	0.5	12	sub-07
472.0912	0.5	12	sub-07
473.0913	0.5	12	sub-07
474.0912	0.5	12	sub-07
475.091	0.5	12	sub-07
476.0915	0.5	12	sub-07
477.0916	0.5	12	sub-07
478.1082	0.5	12	sub-07
479.1077	0.5	12	sub-07
480.1078	0.5	12	sub-07
481.1085	0.5	12	sub-07
482.1081	0.5	12	sub-07
483.1084	0.5	12	sub-07
484.108	0.5	12	sub-07
485.1271	0.5	12	sub-07
486.1252	0.5	12	sub-07
487.1251	0.5	12	sub-07
488.1249	0.5	12	sub-07
489.1251	0.5	12	sub-07
490.1245	0.5	12	sub-07
491.1243	0.5	12	sub-07
492.1248	0.5	12	sub-07
493.124	0.5	12	sub-07
494.125	0.5	12	sub-07
495.1251	0.5	12	sub-07
496.1248	0.5	12	sub-07
497.1252	0.5	12	sub-07
498.125	0.5	12	sub-07
499.1251	0.5	12	sub-07
500.125	0.5	12	sub-07
501.1242	0.5	12	sub-07
502.1245	0.5	12	sub-07
503.1244	0.5	12	sub-07
504.1249	0.5	12	sub-07
505.1249	0.5	12	sub-07
506.125	0.5	12	sub-07
507.1246	0.5	12	sub-07
508.1247	0.5	12	sub-07
509.1248	0.5	12	sub-07
510.1249	0.5	12	sub-07
511.1249	0.5	12	sub-07
512.125	0.5	12	sub-07
513.1247	0.5	12	sub-07
514.1245	0.5	12	sub-07
515.1243	0.5	12	sub-07
516.125	0.5	12	sub-07
517.1242	0.5	12	sub-07
518.1249	0.5	12	sub-07
519.1244	0.5	12	sub-07
520.1246	0.5	12	sub-07
521.1245	0.5	12	sub-07
522.1244	0.5	12	sub-07
523.1245	0.5	12	sub-07
524.1249	0.5	12	sub-07
525.1249	0.5	12	sub-07
526.1249	0.5	12	sub-07
527.1241	0.5	12	sub-07
528.1248	0.5	12	sub-07
529.1248	0.5	12	sub-07
530.1245	0.5	12	sub-07
531.1249	0.5	12	sub-07
532.1258	0.5	12	sub-07
533.124	0.5	12	sub-07
534.1247	0.5	12	sub-07
535.1243	0.5	12	sub-07
536.1245	0.5	12	sub-07
537.1248	0.5	12	sub-07
538.1248	0.5	12	sub-07
539.1246	0.5	12	sub-07
540.1242	0.5	12	sub-07
541.1245	0.5	12	sub-07
542.1249	0.5	12	sub-07
543.1246	0.5	12	sub-07
544.1245	0.5	12	sub-07
545.1248	0.5	12	sub-07
546.1247	0.5	12	sub-07
547.1248	0.5	12	sub-07
548.1247	0.5	12	sub-07
549.1244	0.5	12	sub-07
550.1247	0.5	12	sub-07
551.1246	0.5	12	sub-07
552.1246	0.5	12	sub-07
553.1262	0.5	12	sub-07
554.1243	0.5	12	sub-07
555.1246	0.5	12	sub-07
556.1244	0.5	12	sub-07
557.1246	0.5	12	sub-07
558.1244	0.5	12	sub-07
559.1247	0.5	12	sub-07
560.1242	0.5	12	sub-07
561.1246	0.5	12	sub-07
562.1242	0.5	12	sub-07
563.1242	0.5	12	sub-07
564.124	0.5	12	sub-07
565.1239	0.5	12	sub-07
566.1242	0.5	12	sub-07
567.1242	0.5	12	sub-07
568.124	0.5	12	sub-07
569.124	0.5	12	sub-07
570.1243	0.5	12	sub-07
571.1246	0.5	12	sub-07
572.1247	0.5	12	sub-07
595.9569	0.5	11	sub-07
596.957	0.5	11	sub-07
597.9578	0.5	11	sub-07
598.9571	0.5	11	sub-07
599.9574	0.5	11	sub-07
600.9578	0.5	11	sub-07
601.957	0.5	11	sub-07
602.9571	0.5	11	sub-07
603.9574	0.5	11	sub-07
604.9578	0.5	11	sub-07
605.9585	0.5	11	sub-07
606.9576	0.5	11	sub-07
607.9574	0.5	11	sub-07
608.9574	0.5	11	sub-07
609.9577	0.5	11	sub-07
610.957	0.5	11	sub-07
611.9577	0.5	11	sub-07
612.9574	0.5	11	sub-07
613.9574	0.5	11	sub-07
614.9574	0.5	11	sub-07
615.9577	0.5	11	sub-07
616.9569	0.5	11	sub-07
617.957	0.5	11	sub-07
618.9573	0.5	11	sub-07
619.9574	0.5	11	sub-07
620.9571	0.5	11	sub-07
621.957	0.5	11	sub-07
622.9576	0.5	11	sub-07
623.957	0.5	11	sub-07
624.957	0.5	11	sub-07
625.9566	0.5	11	sub-07
626.957	0.5	11	sub-07
627.9583	0.5	11	sub-07
628.9568	0.5	11	sub-07
629.9576	0.5	11	sub-07
630.9569	0.5	11	sub-07
631.9577	0.5	11	sub-07
632.9573	0.5	11	sub-07
633.9573	0.5	11	sub-07
634.9573	0.5	11	sub-07
635.9577	0.5	11	sub-07
636.9573	0.5	11	sub-07
637.9568	0.5	11	sub-07
638.9575	0.5	11	sub-07
639.9576	0.5	11	sub-07
640.9569	0.5	11	sub-07
641.9573	0.5	11	sub-07
642.9576	0.5	11	sub-07
643.9576	0.5	11	sub-07
644.9573	0.5	11	sub-07
645.9571	0.5	11	sub-07
646.9574	0.5	11	sub-07
647.9572	0.5	11	sub-07
648.9569	0.5	11	sub-07
649.9566	0.5	11	sub-07
650.9571	0.5	11	sub-07
651.9567	0.5	11	sub-07
652.9568	0.5	11	sub-07
653.9567	0.5	11	sub-07
654.9569	0.5	11	sub-07
655.9574	0.5	11	sub-07
656.9567	0.5	11	sub-07
657.9569	0.5	11	sub-07
658.957	0.5	11	sub-07
659.9575	0.5	11	sub-07
660.9568	0.5	11	sub-07
661.9571	0.5	11	sub-07
662.9573	0.5	11	sub-07
663.9567	0.5	11	sub-07
664.9571	0.5	11	sub-07
665.9575	0.5	11	sub-07
666.9568	0.5	11	sub-07
667.9573	0.5	11	sub-07
668.9574	0.5	11	sub-07
669.9574	0.5	11	sub-07
670.957	0.5	11	sub-07
671.9574	0.5	11	sub-07
672.9575	0.5	11	sub-07
673.9571	0.5	11	sub-07
674.9572	0.5	11	sub-07
675.9568	0.5	11	sub-07
676.9567	0.5	11	sub-07
677.957	0.5	11	sub-07
678.9567	0.5	11	sub-07
707.2731	0.5	3	sub-07
708.2734	0.5	3	sub-07
709.2735	0.5	3	sub-07
710.2735	0.5	3	sub-07
711.2739	0.5	3	sub-07
712.2731	0.5	3	sub-07
713.2737	0.5	3	sub-07
714.2921	0.5	3	sub-07
715.2896	0.5	3	sub-07
716.2896	0.5	3	sub-07
717.2899	0.5	3	sub-07
718.2912	0.5	3	sub-07
719.2898	0.5	3	sub-07
720.2905	0.5	3	sub-07
721.2902	0.5	3	sub-07
722.2904	0.5	3	sub-07
723.2898	0.5	3	sub-07
724.2898	0.5	3	sub-07
725.2898	0.5	3	sub-07
726.2901	0.5	3	sub-07
727.2898	0.5	3	sub-07
728.2903	0.5	3	sub-07
729.2903	0.5	3	sub-07
730.2901	0.5	3	sub-07
731.2897	0.5	3	sub-07
732.2914	0.5	3	sub-07
733.2903	0.5	3	sub-07
734.2901	0.5	3	sub-07
735.29	0.5	3	sub-07
736.29	0.5	3	sub-07
737.2896	0.5	3	sub-07
738.2897	0.5	3	sub-07
739.2894	0.5	3	sub-07
740.2902	0.5	3	sub-07
741.2903	0.5	3	sub-07
742.2896	0.5	3	sub-07
743.2904	0.5	3	sub-07
744.2899	0.5	3	sub-07
745.2895	0.5	3	sub-07
746.2903	0.5	3	sub-07
747.2901	0.5	3	sub-07
748.29	0.5	3	sub-07
749.2896	0.5	3	sub-07
750.2897	0.5	3	sub-07
751.2898	0.5	3	sub-07
752.2902	0.5	3	sub-07
753.2901	0.5	3	sub-07
754.2901	0.5	3	sub-07
755.2898	0.5	3	sub-07
756.2903	0.5	3	sub-07
757.2902	0.5	3	sub-07
758.2902	0.5	3	sub-07
759.2895	0.5	3	sub-07
760.2895	0.5	3	sub-07
761.2901	0.5	3	sub-07
762.2897	0.5	3	sub-07
763.2902	0.5	3	sub-07
764.29	0.5	3	sub-07
765.2895	0.5	3	sub-07
766.2902	0.5	3	sub-07
767.2899	0.5	3	sub-07
768.2896	0.5	3	sub-07
769.2894	0.5	3	sub-07
770.2902	0.5	3	sub-07
771.2899	0.5	3	sub-07
772.292	0.5	3	sub-07
773.2894	0.5	3	sub-07
774.2894	0.5	3	sub-07
775.2893	0.5	3	sub-07
776.2894	0.5	3	sub-07
777.2893	0.5	3	sub-07
778.2894	0.5	3	sub-07
779.2896	0.5	3	sub-07
780.2899	0.5	3	sub-07
781.3085	0.5	3	sub-07
782.3065	0.5	3	sub-07
783.3069	0.5	3	sub-07
784.3069	0.5	3	sub-07
785.3068	0.5	3	sub-07
786.3066	0.5	3	sub-07
816.6232	0.5	20	sub-07
817.6224	0.5	20	sub-07
818.623	0.5	20	sub-07
819.6233	0.5	20	sub-07
820.6233	0.5	20	sub-07
821.623	0.5	20	sub-07
822.6225	0.5	20	sub-07
823.6229	0.5	20	sub-07
824.6229	0.5	20	sub-07
825.6233	0.5	20	sub-07
826.6232	0.5	20	sub-07
827.6229	0.5	20	sub-07
828.6227	0.5	20	sub-07
829.6229	0.5	20	sub-07
830.6225	0.5	20	sub-07
831.6232	0.5	20	sub-07
832.6224	0.5	20	sub-07
833.6232	0.5	20	sub-07
834.6233	0.5	20	sub-07
835.6229	0.5	20	sub-07
836.6224	0.5	20	sub-07
837.6225	0.5	20	sub-07
838.6226	0.5	20	sub-07
839.6232	0.5	20	sub-07
840.6224	0.5	20	sub-07
841.6224	0.5	20	sub-07
842.6227	0.5	20	sub-07
843.6228	0.5	20	sub-07
844.6226	0.5	20	sub-07
845.6225	0.5	20	sub-07
846.6227	0.5	20	sub-07
847.6231	0.5	20	sub-07
848.6228	0.5	20	sub-07
849.6231	0.5	20	sub-07
850.6238	0.5	20	sub-07
851.6224	0.5	20	sub-07
852.6224	0.5	20	sub-07
853.6413	0.5	20	sub-07
854.6395	0.5	20	sub-07
855.6396	0.5	20	sub-07
856.6398	0.5	20	sub-07
857.6394	0.5	20	sub-07
858.6394	0.5	20	sub-07
859.6389	0.5	20	sub-07
860.6389	0.5	20	sub-07
861.6391	0.5	20	sub-07
862.6389	0.5	20	sub-07
863.6398	0.5	20	sub-07
864.6397	0.5	20	sub-07
865.639	0.5	20	sub-07
866.6398	0.5	20	sub-07
867.6397	0.5	20	sub-07
868.6389	0.5	20	sub-07
869.6397	0.5	20	sub-07
870.639	0.5	20	sub-07
871.6388	0.5	20	sub-07
872.6388	0.5	20	sub-07
873.6397	0.5	20	sub-07
874.6395	0.5	20	sub-07
875.6389	0.5	20	sub-07
876.6397	0.5	20	sub-07
877.6397	0.5	20	sub-07
878.6388	0.5	20	sub-07
879.6389	0.5	20	sub-07
880.6389	0.5	20	sub-07
881.6388	0.5	20	sub-07
882.6388	0.5	20	sub-07
883.6388	0.5	20	sub-07
884.6392	0.5	20	sub-07
885.6395	0.5	20	sub-07
886.6392	0.5	20	sub-07
887.6395	0.5	20	sub-07
888.6389	0.5	20	sub-07
889.6395	0.5	20	sub-07
890.6392	0.5	20	sub-07
891.6396	0.5	20	sub-07
892.6396	0.5	20	sub-07
893.6395	0.5	20	sub-07
894.6392	0.5	20	sub-07
895.6394	0.5	20	sub-07
896.6388	0.5	20	sub-07
897.6388	0.5	20	sub-07
898.6396	0.5	20	sub-07
899.6395	0.5	20	sub-07
900.6391	0.5	20	sub-07
901.6393	0.5	20	sub-07
902.6395	0.5	20	sub-07
926.9555	0.5	4	sub-07
927.9551	0.5	4	sub-07
928.9552	0.5	4	sub-07
929.9552	0.5	4	sub-07
930.9553	0.5	4	sub-07
931.9555	0.5	4	sub-07
932.9552	0.5	4	sub-07
933.9555	0.5	4	sub-07
934.9557	0.5	4	sub-07
935.9553	0.5	4	sub-07
936.956	0.5	4	sub-07
937.9555	0.5	4	sub-07
938.9551	0.5	4	sub-07
939.9556	0.5	4	sub-07
940.9551	0.5	4	sub-07
941.9559	0.5	4	sub-07
942.956	0.5	4	sub-07
943.9552	0.5	4	sub-07
944.9556	0.5	4	sub-07
945.9557	0.5	4	sub-07
946.9551	0.5	4	sub-07
947.9552	0.5	4	sub-07
948.9559	0.5	4	sub-07
949.9552	0.5	4	sub-07
950.9551	0.5	4	sub-07
951.9552	0.5	4	sub-07
952.9552	0.5	4	sub-07
953.9559	0.5	4	sub-07
954.9553	0.5	4	sub-07
955.9551	0.5	4	sub-07
956.9551	0.5	4	sub-07
957.9573	0.5	4	sub-07
958.9555	0.5	4	sub-07
959.9551	0.5	4	sub-07
960.9555	0.5	4	sub-07
961.955	0.5	4	sub-07
962.955	0.5	4	sub-07
963.9559	0.5	4	sub-07
964.955	0.5	4	sub-07
965.9551	0.5	4	sub-07
966.9559	0.5	4	sub-07
967.9555	0.5	4	sub-07
968.955	0.5	4	sub-07
969.9558	0.5	4	sub-07
970.9567	0.5	4	sub-07
971.9551	0.5	4	sub-07
972.955	0.5	4	sub-07
973.955	0.5	4	sub-07
974.955	0.5	4	sub-07
975.955	0.5	4	sub-07
976.955	0.5	4	sub-07
977.9554	0.5	4	sub-07
1005.9723	0.5	9	sub-07
1006.9714	0.5	9	sub-07
1007.9714	0.5	9	sub-07
1008.9715	0.5	9	sub-07
1009.9718	0.5	9	sub-07
1010.9719	0.5	9	sub-07
1011.9715	0.5	9	sub-07
1012.9723	0.5	9	sub-07
1013.9714	0.5	9	sub-07
1014.9712	0.5	9	sub-07
1015.9717	0.5	9	sub-07
1016.9714	0.5	9	sub-07
1017.9714	0.5	9	sub-07
1018.9723	0.5	9	sub-07
1019.9717	0.5	9	sub-07
1020.9717	0.5	9	sub-07
1021.9712	0.5	9	sub-07
1022.9721	0.5	9	sub-07
1023.9721	0.5	9	sub-07
1024.9888	0.5	9	sub-07
1025.9902	0.5	9	sub-07
1026.9902	0.5	9	sub-07
1027.9901	0.5	9	sub-07
1029.0052	0.5	9	sub-07
1030.0044	0.5	9	sub-07
1031.0238	0.5	9	sub-07
1032.0211	0.5	9	sub-07
1033.0405	0.5	9	sub-07
1034.038	0.5	9	sub-07
1035.0567	0.5	9	sub-07
1036.0544	0.5	9	sub-07
1037.0735	0.5	9	sub-07
1038.0713	0.5	9	sub-07
1039.0713	0.5	9	sub-07
1040.0713	0.5	9	sub-07
1041.0716	0.5	9	sub-07
1042.0715	0.5	9	sub-07
1043.0713	0.5	9	sub-07
1044.0715	0.5	9	sub-07
1045.0902	0.5	9	sub-07
1046.0886	0.5	9	sub-07
1047.088	0.5	9	sub-07
1048.0887	0.5	9	sub-07
1049.1069	0.5	9	sub-07
1050.1053	0.5	9	sub-07
1051.1056	0.5	9	sub-07
1052.1042	0.5	9	sub-07
1053.1044	0.5	9	sub-07
1054.1049	0.5	9	sub-07
1055.1045	0.5	9	sub-07
1056.1213	0.5	9	sub-07
1079.2886	0.5	5	sub-07
1080.3069	0.5	5	sub-07
1081.3044	0.5	5	sub-07
1082.3052	0.5	5	sub-07
1083.3052	0.5	5	sub-07
1084.3044	0.5	5	sub-07
1085.3041	0.5	5	sub-07
1086.3043	0.5	5	sub-07
1087.3044	0.5	5	sub-07
1088.3044	0.5	5	sub-07
1089.3049	0.5	5	sub-07
1090.3043	0.5	5	sub-07
1091.3044	0.5	5	sub-07
1092.3045	0.5	5	sub-07
1093.3051	0.5	5	sub-07
1094.3048	0.5	5	sub-07
1095.3048	0.5	5	sub-07
1096.3048	0.5	5	sub-07
1097.3046	0.5	5	sub-07
1098.3051	0.5	5	sub-07
1099.3048	0.5	5	sub-07
1100.3042	0.5	5	sub-07
1101.3043	0.5	5	sub-07
1102.3044	0.5	5	sub-07
1103.3047	0.5	5	sub-07
1104.3051	0.5	5	sub-07
1105.3051	0.5	5	sub-07
1106.3044	0.5	5	sub-07
1107.3051	0.5	5	sub-07
1108.3047	0.5	5	sub-07
1109.3047	0.5	5	sub-07
1110.3047	0.5	5	sub-07
1111.3051	0.5	5	sub-07
1137.2703	0.5	2	sub-07
1138.2707	0.5	2	sub-07
1139.2706	0.5	2	sub-07
1140.2706	0.5	2	sub-07
1141.2706	0.5	2	sub-07
1142.2706	0.5	2	sub-07
1143.2712	0.5	2	sub-07
1144.2706	0.5	2	sub-07
1145.2706	0.5	2	sub-07
1146.2713	0.5	2	sub-07
1147.2706	0.5	2	sub-07
1148.2712	0.5	2	sub-07
1149.2712	0.5	2	sub-07
1150.2715	0.5	2	sub-07
1151.2706	0.5	2	sub-07
1152.2715	0.5	2	sub-07
1153.2715	0.5	2	sub-07
1154.2707	0.5	2	sub-07
1155.2715	0.5	2	sub-07
1156.2706	0.5	2	sub-07
1157.2715	0.5	2	sub-07
1158.2715	0.5	2	sub-07
1159.2706	0.5	2	sub-07
1160.2707	0.5	2	sub-07
1161.2705	0.5	2	sub-07
1162.2711	0.5	2	sub-07
1163.2706	0.5	2	sub-07
1164.2711	0.5	2	sub-07
1165.2709	0.5	2	sub-07
1166.2703	0.5	2	sub-07
1167.2714	0.5	2	sub-07
1168.2706	0.5	2	sub-07
1169.2714	0.5	2	sub-07
1170.2706	0.5	2	sub-07
1171.2709	0.5	2	sub-07
1172.2711	0.5	2	sub-07
1173.2706	0.5	2	sub-07
1174.2709	0.5	2	sub-07
1175.2704	0.5	2	sub-07
1176.2709	0.5	2	sub-07
1177.2709	0.5	2	sub-07
1178.2712	0.5	2	sub-07
1179.2713	0.5	2	sub-07
1180.2705	0.5	2	sub-07
1181.2704	0.5	2	sub-07
1182.2705	0.5	2	sub-07
1183.2708	0.5	2	sub-07
1184.2709	0.5	2	sub-07
1185.2704	0.5	2	sub-07
1186.2705	0.5	2	sub-07
1187.2713	0.5	2	sub-07
1188.271	0.5	2	sub-07
1189.2705	0.5	2	sub-07
1190.2704	0.5	2	sub-07
1191.2706	0.5	2	sub-07
1192.2709	0.5	2	sub-07
1193.2706	0.5	2	sub-07
1194.2709	0.5	2	sub-07
1195.2704	0.5	2	sub-07
1196.2712	0.5	2	sub-07
1197.2704	0.5	2	sub-07
1198.2703	0.5	2	sub-07
1199.2704	0.5	2	sub-07
1200.2712	0.5	2	sub-07
1201.2712	0.5	2	sub-07
1202.2895	0.5	2	sub-07
1203.2875	0.5	2	sub-07
1204.2877	0.5	2	sub-07
1205.2868	0.5	2	sub-07
1206.2871	0.5	2	sub-07
1207.2869	0.5	2	sub-07
1208.287	0.5	2	sub-07
1209.2876	0.5	2	sub-07
1210.2878	0.5	2	sub-07
1211.2874	0.5	2	sub-07
1212.2869	0.5	2	sub-07
1213.2875	0.5	2	sub-07
1214.287	0.5	2	sub-07
1215.2878	0.5	2	sub-07
1216.2875	0.5	2	sub-07
1217.2875	0.5	2	sub-07
1218.2874	0.5	2	sub-07
1219.287	0.5	2	sub-07
1220.2874	0.5	2	sub-07
1221.2876	0.5	2	sub-07
1222.2877	0.5	2	sub-07
1223.2878	0.5	2	sub-07
1224.2867	0.5	2	sub-07
1225.2877	0.5	2	sub-07
1226.2874	0.5	2	sub-07
1227.2874	0.5	2	sub-07
1228.2875	0.5	2	sub-07
1229.2874	0.5	2	sub-07
1230.2876	0.5	2	sub-07
1231.2873	0.5	2	sub-07
1232.2871	0.5	2	sub-07
1233.2877	0.5	2	sub-07
1234.2876	0.5	2	sub-07
1235.2874	0.5	2	sub-07
1236.2872	0.5	2	sub-07
1237.2867	0.5	2	sub-07
1238.2867	0.5	2	sub-07
1239.2867	0.5	2	sub-07
1240.2869	0.5	2	sub-07
1241.2872	0.5	2	sub-07
1242.2872	0.5	2	sub-07
1243.2871	0.5	2	sub-07
1244.2867	0.5	2	sub-07
1245.2867	0.5	2	sub-07
1246.2868	0.5	2	sub-07
1247.2868	0.5	2	sub-07
1248.2875	0.5	2	sub-07
1249.2868	0.5	2	sub-07
1250.2866	0.5	2	sub-07
1251.2866	0.5	2	sub-07
1252.2871	0.5	2	sub-07
1253.2867	0.5	2	sub-07
1254.2866	0.5	2	sub-07
1255.2873	0.5	2	sub-07
1281.6699	0.5	1	sub-07
1282.6706	0.5	1	sub-07
1283.6706	0.5	1	sub-07
1284.6706	0.5	1	sub-07
1285.6703	0.5	1	sub-07
1286.6696	0.5	1	sub-07
1287.6706	0.5	1	sub-07
1288.67	0.5	1	sub-07
1289.6698	0.5	1	sub-07
1290.6699	0.5	1	sub-07
1291.6706	0.5	1	sub-07
1292.6705	0.5	1	sub-07
1293.6703	0.5	1	sub-07
1294.6707	0.5	1	sub-07
1295.6702	0.5	1	sub-07
1296.6702	0.5	1	sub-07
1297.6705	0.5	1	sub-07
1298.6698	0.5	1	sub-07
1299.6697	0.5	1	sub-07
1300.6702	0.5	1	sub-07
1301.6698	0.5	1	sub-07
1302.6705	0.5	1	sub-07
1303.6705	0.5	1	sub-07
1304.6697	0.5	1	sub-07
1305.6705	0.5	1	sub-07
1306.6704	0.5	1	sub-07
1307.6706	0.5	1	sub-07
1308.67	0.5	1	sub-07
1309.6705	0.5	1	sub-07
1310.67	0.5	1	sub-07
1311.6702	0.5	1	sub-07
1312.6697	0.5	1	sub-07
1313.6703	0.5	1	sub-07
1314.6702	0.5	1	sub-07
1315.6703	0.5	1	sub-07
1316.6704	0.5	1	sub-07
1317.6702	0.5	1	sub-07
1318.6704	0.5	1	sub-07
1319.6697	0.5	1	sub-07
1320.6702	0.5	1	sub-07
1321.6701	0.5	1	sub-07
1322.6703	0.5	1	sub-07
1323.6701	0.5	1	sub-07
1324.6704	0.5	1	sub-07
1325.6699	0.5	1	sub-07
1326.6698	0.5	1	sub-07
1327.6888	0.5	1	sub-07
1328.6871	0.5	1	sub-07
1329.6871	0.5	1	sub-07
1330.687	0.5	1	sub-07
1331.6868	0.5	1	sub-07
1332.6863	0.5	1	sub-07
1333.6863	0.5	1	sub-07
1334.6868	0.5	1	sub-07
1335.6869	0.5	1	sub-07
1336.6869	0.5	1	sub-07
1337.6869	0.5	1	sub-07
1338.6871	0.5	1	sub-07
1339.6871	0.5	1	sub-07
1340.687	0.5	1	sub-07
1341.687	0.5	1	sub-07
1342.687	0.5	1	sub-07
1343.6869	0.5	1	sub-07
1344.6868	0.5	1	sub-07
1345.6868	0.5	1	sub-07
1346.6869	0.5	1	sub-07
1347.6868	0.5	1	sub-07
1348.6866	0.5	1	sub-07
1349.6859	0.5	1	sub-07
1350.6866	0.5	1	sub-07
1351.6865	0.5	1	sub-07
1352.6862	0.5	1	sub-07
1353.6866	0.5	1	sub-07
1354.6868	0.5	1	sub-07
1355.6861	0.5	1	sub-07
1356.6864	0.5	1	sub-07
1357.6864	0.5	1	sub-07
1358.6865	0.5	1	sub-07
1359.6868	0.5	1	sub-07
1360.6867	0.5	1	sub-07
1361.6867	0.5	1	sub-07
1362.6862	0.5	1	sub-07
1363.6861	0.5	1	sub-07
1364.6861	0.5	1	sub-07
1365.6868	0.5	1	sub-07
1366.6867	0.5	1	sub-07
1367.6868	0.5	1	sub-07
1368.6867	0.5	1	sub-07
1369.6868	0.5	1	sub-07
1370.6866	0.5	1	sub-07
1371.6868	0.5	1	sub-07
1372.6867	0.5	1	sub-07
1373.686	0.5	1	sub-07
1374.6868	0.5	1	sub-07
1375.6866	0.5	1	sub-07
1376.6868	0.5	1	sub-07
1377.6868	0.5	1	sub-07
1378.6868	0.5	1	sub-07
1379.6862	0.5	1	sub-07
1380.6867	0.5	1	sub-07
1381.6867	0.5	1	sub-07
1382.6866	0.5	1	sub-07
1383.686	0.5	1	sub-07
1384.6861	0.5	1	sub-07
1385.6866	0.5	1	sub-07
1386.6866	0.5	1	sub-07
1387.6862	0.5	1	sub-07
1388.6866	0.5	1	sub-07
1389.6865	0.5	1	sub-07
1390.6864	0.5	1	sub-07
1391.6865	0.5	1	sub-07
1392.6866	0.5	1	sub-07
1393.6862	0.5	1	sub-07
1394.6865	0.5	1	sub-07
1395.6859	0.5	1	sub-07
1396.6859	0.5	1	sub-07
1397.6866	0.5	1	sub-07
1398.6866	0.5	1	sub-07
1399.6866	0.5	1	sub-07
1400.6858	0.5	1	sub-07
1401.686	0.5	1	sub-07
1402.6865	0.5	1	sub-07
1403.6859	0.5	1	sub-07
1404.6866	0.5	1	sub-07
1405.6859	0.5	1	sub-07
1406.6867	0.5	1	sub-07
1407.6859	0.5	1	sub-07
1408.6859	0.5	1	sub-07
1409.686	0.5	1	sub-07
1410.6867	0.5	1	sub-07
1411.6865	0.5	1	sub-07
1412.6858	0.5	1	sub-07
1413.6866	0.5	1	sub-07
1414.6866	0.5	1	sub-07
1415.6861	0.5	1	sub-07
1416.6863	0.5	1	sub-07
1417.6865	0.5	1	sub-07
1418.6859	0.5	1	sub-07
1419.6865	0.5	1	sub-07
1420.6859	0.5	1	sub-07
1421.6859	0.5	1	sub-07
1422.6866	0.5	1	sub-07
1423.6865	0.5	1	sub-07
1424.6859	0.5	1	sub-07
1425.6858	0.5	1	sub-07
1426.6859	0.5	1	sub-07
1427.6863	0.5	1	sub-07
1428.6865	0.5	1	sub-07
1429.6864	0.5	1	sub-07
1430.6865	0.5	1	sub-07
1431.6865	0.5	1	sub-07
1432.6865	0.5	1	sub-07
1433.6865	0.5	1	sub-07
1434.6865	0.5	1	sub-07
1435.6865	0.5	1	sub-07
1436.6861	0.5	1	sub-07
1437.686	0.5	1	sub-07
1438.6857	0.5	1	sub-07
1439.6865	0.5	1	sub-07
1440.6858	0.5	1	sub-07
1441.6865	0.5	1	sub-07
1442.6865	0.5	1	sub-07
1443.6863	0.5	1	sub-07
1444.6865	0.5	1	sub-07
1445.6865	0.5	1	sub-07
1446.6865	0.5	1	sub-07
1447.6865	0.5	1	sub-07
1448.6865	0.5	1	sub-07
1449.6864	0.5	1	sub-07
1450.6865	0.5	1	sub-07
1451.6865	0.5	1	sub-07
1452.6865	0.5	1	sub-07
1453.6865	0.5	1	sub-07
1454.6863	0.5	1	sub-07
1455.6858	0.5	1	sub-07
1456.686	0.5	1	sub-07
1457.6861	0.5	1	sub-07
1458.6865	0.5	1	sub-07
1459.6857	0.5	1	sub-07
1460.6865	0.5	1	sub-07
1461.6857	0.5	1	sub-07
1462.6864	0.5	1	sub-07
1463.6865	0.5	1	sub-07
1464.686	0.5	1	sub-07
1465.6857	0.5	1	sub-07
1488.4864	0.5	14	sub-07
1489.4856	0.5	14	sub-07
1490.486	0.5	14	sub-07
1491.4863	0.5	14	sub-07
1492.4863	0.5	14	sub-07
1493.4864	0.5	14	sub-07
1494.4862	0.5	14	sub-07
1495.4856	0.5	14	sub-07
1496.4856	0.5	14	sub-07
1497.4863	0.5	14	sub-07
1498.4863	0.5	14	sub-07
1499.4864	0.5	14	sub-07
1500.4853	0.5	14	sub-07
1501.4863	0.5	14	sub-07
1502.4862	0.5	14	sub-07
1503.4863	0.5	14	sub-07
1504.4855	0.5	14	sub-07
1505.486	0.5	14	sub-07
1506.4858	0.5	14	sub-07
1507.486	0.5	14	sub-07
1508.4863	0.5	14	sub-07
1509.4863	0.5	14	sub-07
1510.4856	0.5	14	sub-07
1511.4861	0.5	14	sub-07
1512.4863	0.5	14	sub-07
1513.4863	0.5	14	sub-07
1514.4867	0.5	14	sub-07
1515.4863	0.5	14	sub-07
1516.4855	0.5	14	sub-07
1517.4862	0.5	14	sub-07
1518.4856	0.5	14	sub-07
1519.4861	0.5	14	sub-07
1520.4862	0.5	14	sub-07
1521.4854	0.5	14	sub-07
1522.4856	0.5	14	sub-07
1523.486	0.5	14	sub-07
1548.0687	0.5	6	sub-07
1549.0692	0.5	6	sub-07
1550.0693	0.5	6	sub-07
1551.0693	0.5	6	sub-07
1552.069	0.5	6	sub-07
1553.0689	0.5	6	sub-07
1554.0689	0.5	6	sub-07
1555.0687	0.5	6	sub-07
1556.0686	0.5	6	sub-07
1557.0692	0.5	6	sub-07
1558.0691	0.5	6	sub-07
1559.0686	0.5	6	sub-07
1560.0688	0.5	6	sub-07
1561.0693	0.5	6	sub-07
1562.0689	0.5	6	sub-07
1563.0692	0.5	6	sub-07
1564.0694	0.5	6	sub-07
1565.0693	0.5	6	sub-07
1566.0688	0.5	6	sub-07
1567.0694	0.5	6	sub-07
1568.0691	0.5	6	sub-07
1569.0685	0.5	6	sub-07
1570.0686	0.5	6	sub-07
1571.0693	0.5	6	sub-07
1572.0692	0.5	6	sub-07
1573.0693	0.5	6	sub-07
1574.0688	0.5	6	sub-07
1575.0692	0.5	6	sub-07
1576.0688	0.5	6	sub-07
1577.0691	0.5	6	sub-07
1578.0692	0.5	6	sub-07
1579.0693	0.5	6	sub-07
1580.0691	0.5	6	sub-07
1581.0684	0.5	6	sub-07
1582.0695	0.5	6	sub-07
1583.0685	0.5	6	sub-07
1584.0693	0.5	6	sub-07
1585.0687	0.5	6	sub-07
1586.0693	0.5	6	sub-07
1587.0693	0.5	6	sub-07
1588.0686	0.5	6	sub-07
1589.0692	0.5	6	sub-07
1590.069	0.5	6	sub-07
1591.0684	0.5	6	sub-07
1592.0693	0.5	6	sub-07
1593.0688	0.5	6	sub-07
1594.0693	0.5	6	sub-07
1595.0691	0.5	6	sub-07
1596.0689	0.5	6	sub-07
1597.0684	0.5	6	sub-07
1598.0692	0.5	6	sub-07
1599.0692	0.5	6	sub-07
1600.0689	0.5	6	sub-07
1601.0691	0.5	6	sub-07
1602.0685	0.5	6	sub-07
1603.0685	0.5	6	sub-07
1604.0688	0.5	6	sub-07
1605.0691	0.5	6	sub-07
1606.0692	0.5	6	sub-07
1607.0687	0.5	6	sub-07
1608.0691	0.5	6	sub-07
1609.0692	0.5	6	sub-07
1610.0691	0.5	6	sub-07
1611.069	0.5	6	sub-07
1612.0685	0.5	6	sub-07
1613.0691	0.5	6	sub-07
1614.0691	0.5	6	sub-07
1615.069	0.5	6	sub-07
1616.0682	0.5	6	sub-07
1617.069	0.5	6	sub-07
1618.0686	0.5	6	sub-07
1619.069	0.5	6	sub-07
1620.0691	0.5	6	sub-07
1621.069	0.5	6	sub-07
1622.069	0.5	6	sub-07
1623.0684	0.5	6	sub-07
1624.0682	0.5	6	sub-07
1625.0682	0.5	6	sub-07
1626.0687	0.5	6	sub-07
1627.069	0.5	6	sub-07
1628.069	0.5	6	sub-07
1629.0688	0.5	6	sub-07
1630.0682	0.5	6	sub-07
1631.0688	0.5	6	sub-07
1632.118	0.5	6	sub-07
1633.1195	0.5	6	sub-07
1634.1184	0.5	6	sub-07
1635.1183	0.5	6	sub-07
1636.1182	0.5	6	sub-07
1637.1182	0.5	6	sub-07
1638.1182	0.5	6	sub-07
1639.1183	0.5	6	sub-07
1640.1195	0.5	6	sub-07
1641.1185	0.5	6	sub-07
1642.1181	0.5	6	sub-07
1643.1186	0.5	6	sub-07
1644.1186	0.5	6	sub-07
1645.1187	0.5	6	sub-07
1646.1189	0.5	6	sub-07
1647.1181	0.5	6	sub-07
1648.1187	0.5	6	sub-07
1649.1189	0.5	6	sub-07
1650.1186	0.5	6	sub-07
1651.1189	0.5	6	sub-07
1652.1189	0.5	6	sub-07
1653.1189	0.5	6	sub-07
1654.1189	0.5	6	sub-07
1655.1181	0.5	6	sub-07
1656.1188	0.5	6	sub-07
1657.1188	0.5	6	sub-07
1658.1184	0.5	6	sub-07
1659.118	0.5	6	sub-07
1660.1188	0.5	6	sub-07
1661.1188	0.5	6	sub-07
1662.1185	0.5	6	sub-07
1663.1182	0.5	6	sub-07
1664.1181	0.5	6	sub-07
1665.118	0.5	6	sub-07
1666.1188	0.5	6	sub-07
1667.1188	0.5	6	sub-07
1668.1179	0.5	6	sub-07
1669.1188	0.5	6	sub-07
1670.1188	0.5	6	sub-07
1671.1184	0.5	6	sub-07
1672.1181	0.5	6	sub-07
1673.1187	0.5	6	sub-07
1674.1185	0.5	6	sub-07
1675.1183	0.5	6	sub-07
1676.1182	0.5	6	sub-07
1677.1182	0.5	6	sub-07
1678.1187	0.5	6	sub-07
1679.1187	0.5	6	sub-07
1680.1187	0.5	6	sub-07
1681.1187	0.5	6	sub-07
1682.1187	0.5	6	sub-07
1683.1185	0.5	6	sub-07
1684.1179	0.5	6	sub-07
1685.1184	0.5	6	sub-07
1686.1187	0.5	6	sub-07
1687.1187	0.5	6	sub-07
1688.1184	0.5	6	sub-07
1689.1187	0.5	6	sub-07
1690.1183	0.5	6	sub-07
1691.1179	0.5	6	sub-07
1692.1184	0.5	6	sub-07
1693.1183	0.5	6	sub-07
1694.1178	0.5	6	sub-07
1695.1185	0.5	6	sub-07
1696.1183	0.5	6	sub-07
1697.1178	0.5	6	sub-07
1698.1372	0.5	6	sub-07
1734.9509	0.5	16	sub-07
1735.9513	0.5	16	sub-07
1736.9517	0.5	16	sub-07
1737.951	0.5	16	sub-07
1738.9518	0.5	16	sub-07
1739.9518	0.5	16	sub-07
1740.9518	0.5	16	sub-07
1741.9516	0.5	16	sub-07
1742.9528	0.5	16	sub-07
1743.97	0.5	16	sub-07
1744.9676	0.5	16	sub-07
1745.9682	0.5	16	sub-07
1746.968	0.5	16	sub-07
1747.9683	0.5	16	sub-07
1748.9684	0.5	16	sub-07
1749.9684	0.5	16	sub-07
1750.968	0.5	16	sub-07
1751.9683	0.5	16	sub-07
1752.9684	0.5	16	sub-07
1753.9683	0.5	16	sub-07
1754.9675	0.5	16	sub-07
1755.9684	0.5	16	sub-07
1756.9685	0.5	16	sub-07
1757.9675	0.5	16	sub-07
1758.9677	0.5	16	sub-07
1759.9683	0.5	16	sub-07
1760.9682	0.5	16	sub-07
1761.9707	0.5	16	sub-07
1762.9682	0.5	16	sub-07
1763.9675	0.5	16	sub-07
1764.9683	0.5	16	sub-07
1765.9675	0.5	16	sub-07
1766.9677	0.5	16	sub-07
1767.9677	0.5	16	sub-07
1768.9681	0.5	16	sub-07
1769.9673	0.5	16	sub-07
1770.9677	0.5	16	sub-07
1771.9682	0.5	16	sub-07
1772.9675	0.5	16	sub-07
1773.9683	0.5	16	sub-07
1774.9683	0.5	16	sub-07
1775.9682	0.5	16	sub-07
1776.9677	0.5	16	sub-07
1777.9674	0.5	16	sub-07
1778.9674	0.5	16	sub-07
1779.9682	0.5	16	sub-07
1780.9682	0.5	16	sub-07
1781.9671	0.5	16	sub-07
1782.9681	0.5	16	sub-07
1783.9677	0.5	16	sub-07
1784.9674	0.5	16	sub-07
1785.968	0.5	16	sub-07
1786.9673	0.5	16	sub-07
1787.9675	0.5	16	sub-07
1788.9849	0.5	16	sub-07
1789.9843	0.5	16	sub-07
1790.9847	0.5	16	sub-07
1791.984	0.5	16	sub-07
1815.7843	0.5	7	sub-07
1816.7837	0.5	7	sub-07
1817.7839	0.5	7	sub-07
1818.7844	0.5	7	sub-07
1819.7838	0.5	7	sub-07
1820.7839	0.5	7	sub-07
1821.7842	0.5	7	sub-07
1822.7838	0.5	7	sub-07
1823.7842	0.5	7	sub-07
1824.7844	0.5	7	sub-07
1825.7843	0.5	7	sub-07
1826.7844	0.5	7	sub-07
1827.7842	0.5	7	sub-07
1828.7845	0.5	7	sub-07
1829.7837	0.5	7	sub-07
1830.7837	0.5	7	sub-07
1831.7844	0.5	7	sub-07
1832.7843	0.5	7	sub-07
1833.7838	0.5	7	sub-07
1834.7843	0.5	7	sub-07
1835.7838	0.5	7	sub-07
1836.7844	0.5	7	sub-07
1837.7844	0.5	7	sub-07
1838.7843	0.5	7	sub-07
1839.7843	0.5	7	sub-07
1840.7837	0.5	7	sub-07
1841.7844	0.5	7	sub-07
1842.7843	0.5	7	sub-07
1843.7844	0.5	7	sub-07
1844.7843	0.5	7	sub-07
1845.7842	0.5	7	sub-07
1846.7844	0.5	7	sub-07
1847.7844	0.5	7	sub-07
1848.7839	0.5	7	sub-07
1849.7837	0.5	7	sub-07
1850.8011	0.5	7	sub-07
1851.8009	0.5	7	sub-07
1852.8006	0.5	7	sub-07
1853.8008	0.5	7	sub-07
1854.8006	0.5	7	sub-07
1855.801	0.5	7	sub-07
1856.8005	0.5	7	sub-07
1857.8007	0.5	7	sub-07
1858.801	0.5	7	sub-07
1859.8005	0.5	7	sub-07
1860.8004	0.5	7	sub-07
1861.8004	0.5	7	sub-07
1862.8011	0.5	7	sub-07
1863.8003	0.5	7	sub-07
1864.8003	0.5	7	sub-07
1865.801	0.5	7	sub-07
1866.8011	0.5	7	sub-07
1867.801	0.5	7	sub-07
1868.801	0.5	7	sub-07
1869.801	0.5	7	sub-07
1870.801	0.5	7	sub-07
1871.8009	0.5	7	sub-07
1872.801	0.5	7	sub-07
1873.801	0.5	7	sub-07
1874.801	0.5	7	sub-07
1875.8003	0.5	7	sub-07
1876.8002	0.5	7	sub-07
1877.8009	0.5	7	sub-07
1878.8002	0.5	7	sub-07
1879.8006	0.5	7	sub-07
1880.8005	0.5	7	sub-07
1881.801	0.5	7	sub-07
1882.8009	0.5	7	sub-07
1883.8008	0.5	7	sub-07
1884.8	0.5	7	sub-07
1885.8009	0.5	7	sub-07
1886.8004	0.5	7	sub-07
1887.8001	0.5	7	sub-07
1888.8009	0.5	7	sub-07
1889.8006	0.5	7	sub-07
1890.8001	0.5	7	sub-07
1891.801	0.5	7	sub-07
1892.8007	0.5	7	sub-07
1893.8008	0.5	7	sub-07
1894.8006	0.5	7	sub-07
1895.8009	0.5	7	sub-07
1896.8009	0.5	7	sub-07
1897.8008	0.5	7	sub-07
1898.8008	0.5	7	sub-07
1899.8009	0.5	7	sub-07
1900.8008	0.5	7	sub-07
1901.8009	0.5	7	sub-07
1902.8009	0.5	7	sub-07
1903.8009	0.5	7	sub-07
1904.8008	0.5	7	sub-07
1905.8005	0.5	7	sub-07
1906.8008	0.5	7	sub-07
1907.8008	0.5	7	sub-07
1908.8008	0.5	7	sub-07
1909.8008	0.5	7	sub-07
1910.8	0.5	7	sub-07
1911.8003	0.5	7	sub-07
1912.8004	0.5	7	sub-07
1913.8006	0.5	7	sub-07
1914.7998	0.5	7	sub-07
1915.8006	0.5	7	sub-07
1916.8004	0.5	7	sub-07
1917.8007	0.5	7	sub-07
1918.8001	0.5	7	sub-07
1919.8007	0.5	7	sub-07
1920.8008	0.5	7	sub-07
1921.8008	0.5	7	sub-07
1922.8	0.5	7	sub-07
1923.8003	0.5	7	sub-07
1924.8007	0.5	7	sub-07
1925.8003	0.5	7	sub-07
1926.8007	0.5	7	sub-07
1927.8007	0.5	7	sub-07
1928.8007	0.5	7	sub-07
1929.8004	0.5	7	sub-07
1930.8007	0.5	7	sub-07
1931.8007	0.5	7	sub-07
1932.7999	0.5	7	sub-07
1933.8021	0.5	7	sub-07
1934.802	0.5	7	sub-07
1935.8174	0.5	7	sub-07
1936.8173	0.5	7	sub-07
1937.8165	0.5	7	sub-07
1938.8173	0.5	7	sub-07
1939.8169	0.5	7	sub-07
1940.8165	0.5	7	sub-07
1941.8165	0.5	7	sub-07
1942.8171	0.5	7	sub-07
1943.8168	0.5	7	sub-07
1944.8168	0.5	7	sub-07
1945.8166	0.5	7	sub-07
1946.8164	0.5	7	sub-07
1947.8171	0.5	7	sub-07
1948.8165	0.5	7	sub-07
1949.8173	0.5	7	sub-07
1950.8169	0.5	7	sub-07
1951.8173	0.5	7	sub-07
1952.8171	0.5	7	sub-07
1953.8163	0.5	7	sub-07
1954.8164	0.5	7	sub-07
1955.817	0.5	7	sub-07
1956.817	0.5	7	sub-07
1957.8166	0.5	7	sub-07
1958.8164	0.5	7	sub-07
1959.8169	0.5	7	sub-07
1960.8172	0.5	7	sub-07
1961.8171	0.5	7	sub-07
1962.8169	0.5	7	sub-07
1963.8163	0.5	7	sub-07
1988.7004	0.5	15	sub-07
1989.6996	0.5	15	sub-07
1990.6996	0.5	15	sub-07
1991.701	0.5	15	sub-07
1992.6996	0.5	15	sub-07
1993.7001	0.5	15	sub-07
1994.7002	0.5	15	sub-07
1995.6995	0.5	15	sub-07
1996.6996	0.5	15	sub-07
1997.6995	0.5	15	sub-07
1998.7	0.5	15	sub-07
1999.7	0.5	15	sub-07
2000.6995	0.5	15	sub-07
2001.7004	0.5	15	sub-07
2002.6996	0.5	15	sub-07
2003.6995	0.5	15	sub-07
2027.6666	0.5	13	sub-07
2028.6659	0.5	13	sub-07
2029.6666	0.5	13	sub-07
2030.6659	0.5	13	sub-07
2031.6663	0.5	13	sub-07
2032.6666	0.5	13	sub-07
2033.6663	0.5	13	sub-07
2034.6667	0.5	13	sub-07
2035.6656	0.5	13	sub-07
2036.6667	0.5	13	sub-07
2037.6668	0.5	13	sub-07
2038.6668	0.5	13	sub-07
2039.6667	0.5	13	sub-07
2040.6662	0.5	13	sub-07
2041.6665	0.5	13	sub-07
2042.6667	0.5	13	sub-07
2043.6667	0.5	13	sub-07
2044.6666	0.5	13	sub-07
2045.6667	0.5	13	sub-07
2046.6668	0.5	13	sub-07
2047.6661	0.5	13	sub-07
2048.6659	0.5	13	sub-07
2049.6667	0.5	13	sub-07
2050.6667	0.5	13	sub-07
2051.6663	0.5	13	sub-07
2052.6663	0.5	13	sub-07
2053.6667	0.5	13	sub-07
2054.6667	0.5	13	sub-07
2055.6667	0.5	13	sub-07
2056.6667	0.5	13	sub-07
2057.6667	0.5	13	sub-07
2058.6667	0.5	13	sub-07
2059.6667	0.5	13	sub-07
2060.6663	0.5	13	sub-07
2061.666	0.5	13	sub-07
2062.6656	0.5	13	sub-07
2063.6662	0.5	13	sub-07
2064.6662	0.5	13	sub-07
2065.6663	0.5	13	sub-07
2066.6663	0.5	13	sub-07
2067.6663	0.5	13	sub-07
2068.6666	0.5	13	sub-07
2069.6667	0.5	13	sub-07
2070.6666	0.5	13	sub-07
2071.6661	0.5	13	sub-07
2072.6666	0.5	13	sub-07
2073.6664	0.5	13	sub-07
2074.6663	0.5	13	sub-07
2075.6665	0.5	13	sub-07
2076.6655	0.5	13	sub-07
2077.6665	0.5	13	sub-07
2078.6662	0.5	13	sub-07
2079.6664	0.5	13	sub-07
2080.6663	0.5	13	sub-07
2081.6654	0.5	13	sub-07
2082.666	0.5	13	sub-07
2083.6665	0.5	13	sub-07
2084.6656	0.5	13	sub-07
2085.6665	0.5	13	sub-07
2086.6655	0.5	13	sub-07
2087.6666	0.5	13	sub-07
2088.6663	0.5	13	sub-07
2089.6664	0.5	13	sub-07
2090.6664	0.5	13	sub-07
2091.6665	0.5	13	sub-07
2092.666	0.5	13	sub-07
2093.6662	0.5	13	sub-07
2094.6662	0.5	13	sub-07
2095.6664	0.5	13	sub-07
2096.6663	0.5	13	sub-07
2097.6661	0.5	13	sub-07
2098.6661	0.5	13	sub-07
2099.6657	0.5	13	sub-07
2100.6665	0.5	13	sub-07
2101.6663	0.5	13	sub-07
2102.6661	0.5	13	sub-07
2103.6661	0.5	13	sub-07
2104.6654	0.5	13	sub-07
2105.6663	0.5	13	sub-07
2106.6663	0.5	13	sub-07
2107.666	0.5	13	sub-07
2108.6663	0.5	13	sub-07
2109.6662	0.5	13	sub-07
2110.6663	0.5	13	sub-07
2111.666	0.5	13	sub-07
2112.6663	0.5	13	sub-07
2113.6664	0.5	13	sub-07
2114.6663	0.5	13	sub-07
2115.6656	0.5	13	sub-07
2116.6663	0.5	13	sub-07
2117.6663	0.5	13	sub-07
2118.6663	0.5	13	sub-07
2119.666	0.5	13	sub-07
2120.6663	0.5	13	sub-07
2121.6663	0.5	13	sub-07
2122.6655	0.5	13	sub-07
2123.666	0.5	13	sub-07
2124.6663	0.5	13	sub-07
2125.666	0.5	13	sub-07
2126.6663	0.5	13	sub-07
2127.6663	0.5	13	sub-07
2128.6663	0.5	13	sub-07
2129.6662	0.5	13	sub-07
2130.6659	0.5	13	sub-07
2131.666	0.5	13	sub-07
2132.6662	0.5	13	sub-07
2133.6655	0.5	13	sub-07
2134.6663	0.5	13	sub-07
2135.6658	0.5	13	sub-07
2136.6656	0.5	13	sub-07
2137.6659	0.5	13	sub-07
2138.6663	0.5	13	sub-07
2139.6658	0.5	13	sub-07
