onset	duration	trial_type
30.0983	0.5	reading
31.0982	0.5	reading
32.0984	0.5	reading
33.0987	0.5	reading
34.1172	0.5	reading
35.1151	0.5	reading
36.1151	0.5	reading
37.1152	0.5	reading
38.1155	0.5	reading
39.1153	0.5	reading
40.1155	0.5	reading
41.1155	0.5	reading
42.1151	0.5	reading
43.1151	0.5	reading
44.1151	0.5	reading
45.1149	0.5	reading
46.1155	0.5	reading
47.1155	0.5	reading
48.115	0.5	reading
49.1154	0.5	reading
50.1155	0.5	reading
51.1151	0.5	reading
52.1154	0.5	reading
53.1151	0.5	reading
54.1154	0.5	reading
55.115	0.5	reading
56.1154	0.5	reading
57.1155	0.5	reading
58.1152	0.5	reading
59.1153	0.5	reading
60.1151	0.5	reading
61.1154	0.5	reading
62.1151	0.5	reading
63.1154	0.5	reading
64.1161	0.5	reading
65.1144	0.5	reading
66.1153	0.5	reading
67.1153	0.5	reading
68.1153	0.5	reading
69.1153	0.5	reading
70.1152	0.5	reading
71.1153	0.5	reading
72.1152	0.5	reading
73.115	0.5	reading
74.1153	0.5	reading
75.1152	0.5	reading
76.1152	0.5	reading
77.1152	0.5	reading
78.1144	0.5	reading
79.1152	0.5	reading
80.1144	0.5	reading
81.1152	0.5	reading
82.1152	0.5	reading
83.1152	0.5	reading
84.1152	0.5	reading
85.1318	0.5	reading
86.1312	0.5	reading
87.131	0.5	reading
88.1319	0.5	reading
89.1318	0.5	reading
90.1318	0.5	reading
91.1314	0.5	reading
92.1315	0.5	reading
93.1318	0.5	reading
94.1311	0.5	reading
95.1319	0.5	reading
96.1318	0.5	reading
97.1318	0.5	reading
98.1318	0.5	reading
99.1312	0.5	reading
100.1319	0.5	reading
101.1319	0.5	reading
102.131	0.5	reading
103.1312	0.5	reading
104.1318	0.5	reading
105.1314	0.5	reading
106.1318	0.5	reading
107.1319	0.5	reading
108.1318	0.5	reading
109.1317	0.5	reading
110.1318	0.5	reading
111.1318	0.5	reading
112.1318	0.5	reading
113.1317	0.5	reading
114.1317	0.5	reading
115.1317	0.5	reading
116.1319	0.5	reading
117.1314	0.5	reading
118.1318	0.5	reading
119.1316	0.5	reading
120.1318	0.5	reading
121.1317	0.5	reading
122.1318	0.5	reading
123.132	0.5	reading
124.1318	0.5	reading
125.131	0.5	reading
126.1318	0.5	reading
127.1313	0.5	reading
128.1312	0.5	reading
129.131	0.5	reading
130.1318	0.5	reading
131.1311	0.5	reading
132.1313	0.5	reading
133.1311	0.5	reading
134.1318	0.5	reading
135.1318	0.5	reading
136.1318	0.5	reading
137.131	0.5	reading
138.1318	0.5	reading
139.1318	0.5	reading
140.1318	0.5	reading
141.1318	0.5	reading
142.1318	0.5	reading
143.1315	0.5	reading
144.1312	0.5	reading
145.1311	0.5	reading
146.1315	0.5	reading
147.1314	0.5	reading
148.1312	0.5	reading
149.1314	0.5	reading
150.1483	0.5	reading
151.1483	0.5	reading
152.148	0.5	reading
153.1479	0.5	reading
154.1475	0.5	reading
155.1475	0.5	reading
156.1477	0.5	reading
157.1479	0.5	reading
158.1482	0.5	reading
159.1478	0.5	reading
160.1482	0.5	reading
161.1482	0.5	reading
162.1481	0.5	reading
163.1481	0.5	reading
164.1481	0.5	reading
165.1477	0.5	reading
166.1481	0.5	reading
167.1481	0.5	reading
168.1475	0.5	reading
169.1482	0.5	reading
170.1479	0.5	reading
171.148	0.5	reading
172.1479	0.5	reading
173.1478	0.5	reading
174.148	0.5	reading
175.1478	0.5	reading
176.1478	0.5	reading
177.1481	0.5	reading
178.1476	0.5	reading
201.7304	0.5	reading
202.7304	0.5	reading
203.7309	0.5	reading
204.7311	0.5	reading
205.7312	0.5	reading
206.7311	0.5	reading
207.7311	0.5	reading
208.7311	0.5	reading
209.7311	0.5	reading
210.7307	0.5	reading
211.7308	0.5	reading
212.7311	0.5	reading
213.7311	0.5	reading
214.7316	0.5	reading
215.7305	0.5	reading
216.7311	0.5	reading
217.7312	0.5	reading
218.7305	0.5	reading
219.7305	0.5	reading
220.7312	0.5	reading
221.7309	0.5	reading
222.7305	0.5	reading
223.731	0.5	reading
224.7311	0.5	reading
225.7309	0.5	reading
226.7305	0.5	reading
227.7308	0.5	reading
228.731	0.5	reading
229.7304	0.5	reading
230.7311	0.5	reading
231.7308	0.5	reading
232.7308	0.5	reading
233.7312	0.5	reading
234.7308	0.5	reading
235.7312	0.5	reading
236.7311	0.5	reading
237.7312	0.5	reading
238.7304	0.5	reading
239.7312	0.5	reading
240.7312	0.5	reading
241.7306	0.5	reading
242.7304	0.5	reading
243.7305	0.5	reading
244.7311	0.5	reading
245.7308	0.5	reading
246.7311	0.5	reading
247.7308	0.5	reading
248.7308	0.5	reading
249.7303	0.5	reading
250.7311	0.5	reading
251.7312	0.5	reading
252.7311	0.5	reading
253.7307	0.5	reading
254.731	0.5	reading
255.7306	0.5	reading
256.7311	0.5	reading
257.7308	0.5	reading
258.7307	0.5	reading
259.7311	0.5	reading
260.7306	0.5	reading
261.7308	0.5	reading
262.7306	0.5	reading
263.7306	0.5	reading
264.7311	0.5	reading
265.7311	0.5	reading
266.7311	0.5	reading
267.731	0.5	reading
268.7311	0.5	reading
269.7303	0.5	reading
270.7305	0.5	reading
271.7478	0.5	reading
272.7476	0.5	reading
273.7478	0.5	reading
274.7476	0.5	reading
275.7476	0.5	reading
276.7474	0.5	reading
277.7476	0.5	reading
278.7476	0.5	reading
279.7477	0.5	reading
280.7476	0.5	reading
281.7477	0.5	reading
328.8474	0.5	reading
329.8465	0.5	reading
330.8467	0.5	reading
331.847	0.5	reading
332.847	0.5	reading
333.8469	0.5	reading
334.8471	0.5	reading
335.864	0.5	reading
336.8637	0.5	reading
337.8633	0.5	reading
338.8638	0.5	reading
339.8635	0.5	reading
340.8639	0.5	reading
341.8639	0.5	reading
342.8633	0.5	reading
343.8631	0.5	reading
344.8639	0.5	reading
345.8639	0.5	reading
346.8631	0.5	reading
347.864	0.5	reading
348.8637	0.5	reading
349.8639	0.5	reading
350.8638	0.5	reading
376.2132	0.5	reading
377.2136	0.5	reading
378.2135	0.5	reading
379.2128	0.5	reading
380.2134	0.5	reading
381.2131	0.5	reading
382.2131	0.5	reading
383.2136	0.5	reading
384.2141	0.5	reading
385.2328	0.5	reading
386.2295	0.5	reading
387.23	0.5	reading
388.23	0.5	reading
389.23	0.5	reading
390.2303	0.5	reading
391.2303	0.5	reading
392.2303	0.5	reading
393.2303	0.5	reading
394.2303	0.5	reading
395.2304	0.5	reading
396.2295	0.5	reading
397.2301	0.5	reading
398.2299	0.5	reading
399.23	0.5	reading
400.2299	0.5	reading
401.2299	0.5	reading
402.2303	0.5	reading
403.2299	0.5	reading
404.2302	0.5	reading
405.2295	0.5	reading
406.2302	0.5	reading
407.2297	0.5	reading
408.23	0.5	reading
409.2302	0.5	reading
410.2302	0.5	reading
411.2294	0.5	reading
412.2297	0.5	reading
413.2295	0.5	reading
414.2298	0.5	reading
415.2298	0.5	reading
416.23	0.5	reading
417.2296	0.5	reading
418.2298	0.5	reading
419.2294	0.5	reading
420.23	0.5	reading
421.23	0.5	reading
422.2301	0.5	reading
423.2293	0.5	reading
424.2301	0.5	reading
425.2298	0.5	reading
426.2308	0.5	reading
427.2301	0.5	reading
428.2296	0.5	reading
429.2302	0.5	reading
430.2468	0.5	reading
431.246	0.5	reading
432.2468	0.5	reading
433.246	0.5	reading
474.8629	0.5	reading
475.8631	0.5	reading
476.863	0.5	reading
477.8811	0.5	reading
478.8793	0.5	reading
479.8797	0.5	reading
480.879	0.5	reading
481.879	0.5	reading
482.8981	0.5	reading
483.8957	0.5	reading
484.8956	0.5	reading
485.8962	0.5	reading
486.8958	0.5	reading
487.8958	0.5	reading
488.8963	0.5	reading
489.8962	0.5	reading
490.896	0.5	reading
491.8962	0.5	reading
492.8957	0.5	reading
493.8962	0.5	reading
494.8953	0.5	reading
495.8961	0.5	reading
496.8956	0.5	reading
497.8961	0.5	reading
498.8961	0.5	reading
499.8962	0.5	reading
500.8956	0.5	reading
501.8962	0.5	reading
502.8962	0.5	reading
503.8963	0.5	reading
504.8963	0.5	reading
505.8962	0.5	reading
506.8963	0.5	reading
507.896	0.5	reading
508.8963	0.5	reading
509.8958	0.5	reading
510.8962	0.5	reading
511.8963	0.5	reading
512.8961	0.5	reading
513.896	0.5	reading
514.8963	0.5	reading
515.8959	0.5	reading
516.8957	0.5	reading
517.8959	0.5	reading
518.8961	0.5	reading
519.8962	0.5	reading
520.8961	0.5	reading
521.8963	0.5	reading
522.8955	0.5	reading
523.8954	0.5	reading
524.8954	0.5	reading
525.8954	0.5	reading
526.896	0.5	reading
527.8958	0.5	reading
528.8958	0.5	reading
529.8962	0.5	reading
530.8961	0.5	reading
531.8954	0.5	reading
532.8958	0.5	reading
533.8958	0.5	reading
534.8961	0.5	reading
535.8961	0.5	reading
536.8956	0.5	reading
537.8958	0.5	reading
538.8961	0.5	reading
539.8962	0.5	reading
540.8958	0.5	reading
541.8955	0.5	reading
542.8961	0.5	reading
543.8955	0.5	reading
544.8961	0.5	reading
545.8958	0.5	reading
546.896	0.5	reading
547.8956	0.5	reading
548.896	0.5	reading
549.8957	0.5	reading
550.8957	0.5	reading
551.896	0.5	reading
552.8953	0.5	reading
553.8961	0.5	reading
554.8959	0.5	reading
555.8957	0.5	reading
556.896	0.5	reading
557.8953	0.5	reading
558.896	0.5	reading
559.8959	0.5	reading
560.8959	0.5	reading
561.896	0.5	reading
562.8952	0.5	reading
563.896	0.5	reading
564.8959	0.5	reading
565.8956	0.5	reading
566.896	0.5	reading
567.8959	0.5	reading
568.8959	0.5	reading
569.8953	0.5	reading
570.8959	0.5	reading
571.8959	0.5	reading
572.8959	0.5	reading
573.8958	0.5	reading
574.8955	0.5	reading
575.8952	0.5	reading
576.8952	0.5	reading
577.8949	0.5	reading
578.8954	0.5	reading
579.8952	0.5	reading
580.8951	0.5	reading
581.8956	0.5	reading
582.895	0.5	reading
583.8955	0.5	reading
584.8956	0.5	reading
585.8958	0.5	reading
586.8957	0.5	reading
587.8959	0.5	reading
588.8958	0.5	reading
589.8951	0.5	reading
590.8955	0.5	reading
591.8957	0.5	reading
592.8957	0.5	reading
593.8953	0.5	reading
594.8958	0.5	reading
595.8958	0.5	reading
596.8957	0.5	reading
597.8958	0.5	reading
598.8959	0.5	reading
599.8958	0.5	reading
600.8958	0.5	reading
601.895	0.5	reading
602.8958	0.5	reading
603.8957	0.5	reading
604.8958	0.5	reading
605.8954	0.5	reading
606.8954	0.5	reading
607.8952	0.5	reading
608.8958	0.5	reading
609.8952	0.5	reading
610.8957	0.5	reading
611.8958	0.5	reading
612.895	0.5	reading
680.711	0.5	reading
681.7114	0.5	reading
682.7117	0.5	reading
683.7118	0.5	reading
684.7118	0.5	reading
685.7119	0.5	reading
686.7119	0.5	reading
687.7298	0.5	reading
688.7278	0.5	reading
689.7283	0.5	reading
690.7282	0.5	reading
691.7289	0.5	reading
692.7284	0.5	reading
693.7285	0.5	reading
694.7285	0.5	reading
695.7286	0.5	reading
696.728	0.5	reading
697.728	0.5	reading
698.7285	0.5	reading
699.7284	0.5	reading
700.7283	0.5	reading
701.7285	0.5	reading
702.7282	0.5	reading
703.7279	0.5	reading
704.7278	0.5	reading
705.7289	0.5	reading
706.7285	0.5	reading
707.7282	0.5	reading
708.7285	0.5	reading
709.7284	0.5	reading
710.7282	0.5	reading
711.7277	0.5	reading
712.7294	0.5	reading
713.7283	0.5	reading
714.7285	0.5	reading
715.7279	0.5	reading
716.7284	0.5	reading
717.7279	0.5	reading
718.7276	0.5	reading
719.7285	0.5	reading
720.7284	0.5	reading
721.7276	0.5	reading
722.7283	0.5	reading
723.7284	0.5	reading
724.7284	0.5	reading
725.7285	0.5	reading
726.7284	0.5	reading
727.7282	0.5	reading
728.7284	0.5	reading
729.7277	0.5	reading
730.7284	0.5	reading
731.7284	0.5	reading
732.7279	0.5	reading
733.7281	0.5	reading
734.7283	0.5	reading
735.7279	0.5	reading
736.728	0.5	reading
737.7283	0.5	reading
738.7282	0.5	reading
739.7283	0.5	reading
740.7283	0.5	reading
741.7283	0.5	reading
742.7275	0.5	reading
743.7283	0.5	reading
744.728	0.5	reading
745.7275	0.5	reading
746.7278	0.5	reading
747.7279	0.5	reading
748.7279	0.5	reading
749.7279	0.5	reading
750.7272	0.5	reading
751.7275	0.5	reading
752.7279	0.5	reading
753.7283	0.5	reading
754.7466	0.5	reading
755.7449	0.5	reading
756.7448	0.5	reading
757.7449	0.5	reading
758.7447	0.5	reading
759.7447	0.5	reading
800.9277	0.5	reading
801.9295	0.5	reading
802.9272	0.5	reading
803.9276	0.5	reading
804.9274	0.5	reading
805.9276	0.5	reading
806.9462	0.5	reading
807.9436	0.5	reading
808.9446	0.5	reading
809.9446	0.5	reading
810.9445	0.5	reading
811.9439	0.5	reading
812.9445	0.5	reading
813.9445	0.5	reading
814.9446	0.5	reading
815.9445	0.5	reading
816.9442	0.5	reading
817.9444	0.5	reading
818.9445	0.5	reading
819.9445	0.5	reading
820.9445	0.5	reading
821.9437	0.5	reading
822.9446	0.5	reading
823.9437	0.5	reading
824.9445	0.5	reading
825.9445	0.5	reading
826.9445	0.5	reading
827.944	0.5	reading
828.9442	0.5	reading
829.9444	0.5	reading
830.9441	0.5	reading
831.9445	0.5	reading
832.9445	0.5	reading
903.2942	0.5	reading
904.294	0.5	reading
905.2936	0.5	reading
906.2938	0.5	reading
907.2939	0.5	reading
908.2939	0.5	reading
909.2944	0.5	reading
910.2934	0.5	reading
911.2947	0.5	reading
912.2941	0.5	reading
913.2936	0.5	reading
914.2932	0.5	reading
915.2932	0.5	reading
916.2933	0.5	reading
917.2932	0.5	reading
918.2932	0.5	reading
919.294	0.5	reading
920.2931	0.5	reading
921.294	0.5	reading
922.2934	0.5	reading
923.2935	0.5	reading
924.2939	0.5	reading
925.293	0.5	reading
926.293	0.5	reading
927.2939	0.5	reading
928.2933	0.5	reading
929.294	0.5	reading
930.2932	0.5	reading
931.2931	0.5	reading
932.2936	0.5	reading
933.2932	0.5	reading
934.2939	0.5	reading
935.2939	0.5	reading
936.2931	0.5	reading
962.527	0.5	reading
963.5263	0.5	reading
964.5265	0.5	reading
965.5271	0.5	reading
966.5271	0.5	reading
967.5268	0.5	reading
968.5263	0.5	reading
969.5266	0.5	reading
970.5263	0.5	reading
971.527	0.5	reading
972.5265	0.5	reading
973.5268	0.5	reading
974.526	0.5	reading
975.5264	0.5	reading
976.527	0.5	reading
977.5266	0.5	reading
978.5262	0.5	reading
979.527	0.5	reading
980.5266	0.5	reading
981.5266	0.5	reading
982.527	0.5	reading
983.5269	0.5	reading
984.5261	0.5	reading
985.5267	0.5	reading
986.5269	0.5	reading
987.5266	0.5	reading
988.5259	0.5	reading
989.5266	0.5	reading
990.5261	0.5	reading
991.5269	0.5	reading
992.5261	0.5	reading
993.5269	0.5	reading
994.5268	0.5	reading
995.5262	0.5	reading
996.5269	0.5	reading
997.5269	0.5	reading
1027.9932	0.5	reading
1028.9926	0.5	reading
1029.9931	0.5	reading
1030.9929	0.5	reading
1031.9924	0.5	reading
1032.9934	0.5	reading
1033.9932	0.5	reading
1034.9934	0.5	reading
1035.9934	0.5	reading
1036.9933	0.5	reading
1037.9944	0.5	reading
1038.993	0.5	reading
1039.9926	0.5	reading
1040.9933	0.5	reading
1041.9933	0.5	reading
1042.9928	0.5	reading
1043.9933	0.5	reading
1044.9925	0.5	reading
1045.9933	0.5	reading
1046.9926	0.5	reading
1047.9929	0.5	reading
1048.9925	0.5	reading
1049.9929	0.5	reading
1050.9929	0.5	reading
1051.993	0.5	reading
1052.9925	0.5	reading
1053.9932	0.5	reading
1054.9929	0.5	reading
1055.9924	0.5	reading
1056.9925	0.5	reading
1057.9924	0.5	reading
1058.9927	0.5	reading
1060.0115	0.5	reading
1061.0088	0.5	reading
1062.0099	0.5	reading
1063.0091	0.5	reading
1064.0096	0.5	reading
1065.0098	0.5	reading
1066.0091	0.5	reading
1067.0094	0.5	reading
1068.0093	0.5	reading
1069.0099	0.5	reading
1070.0091	0.5	reading
1071.0098	0.5	reading
1072.0098	0.5	reading
1073.0091	0.5	reading
1074.009	0.5	reading
1075.0098	0.5	reading
1076.0098	0.5	reading
1077.0096	0.5	reading
1078.0089	0.5	reading
1079.0098	0.5	reading
1080.0093	0.5	reading
1081.0089	0.5	reading
1082.0089	0.5	reading
1083.0096	0.5	reading
1084.0097	0.5	reading
1085.0095	0.5	reading
1086.0089	0.5	reading
1087.0091	0.5	reading
1088.0096	0.5	reading
1089.0094	0.5	reading
1090.0096	0.5	reading
1091.0094	0.5	reading
1092.0093	0.5	reading
1093.0094	0.5	reading
1094.0093	0.5	reading
1095.0095	0.5	reading
1096.0086	0.5	reading
1097.0096	0.5	reading
1098.0096	0.5	reading
1099.0088	0.5	reading
1100.0095	0.5	reading
1101.0097	0.5	reading
1102.0096	0.5	reading
1103.0088	0.5	reading
1104.0094	0.5	reading
1105.0094	0.5	reading
1106.0092	0.5	reading
1107.009	0.5	reading
1108.0091	0.5	reading
1109.0085	0.5	reading
1110.0091	0.5	reading
1111.0089	0.5	reading
1143.0751	0.5	reading
1144.0754	0.5	reading
1145.0758	0.5	reading
1146.0759	0.5	reading
1147.0759	0.5	reading
1148.0756	0.5	reading
1149.0756	0.5	reading
1150.0753	0.5	reading
1151.0756	0.5	reading
1152.0757	0.5	reading
1153.0752	0.5	reading
1154.0751	0.5	reading
1155.0752	0.5	reading
1156.0758	0.5	reading
1157.0758	0.5	reading
1158.076	0.5	reading
1159.0761	0.5	reading
1160.076	0.5	reading
1161.0756	0.5	reading
1162.0751	0.5	reading
1163.076	0.5	reading
1164.0754	0.5	reading
1165.0755	0.5	reading
1166.076	0.5	reading
1167.0754	0.5	reading
1168.076	0.5	reading
1169.076	0.5	reading
1170.076	0.5	reading
1171.0752	0.5	reading
1172.076	0.5	reading
1173.076	0.5	reading
1174.0759	0.5	reading
1175.0752	0.5	reading
1176.0757	0.5	reading
1177.076	0.5	reading
1178.0752	0.5	reading
1179.0755	0.5	reading
1180.0757	0.5	reading
1181.076	0.5	reading
1182.0758	0.5	reading
1183.0754	0.5	reading
1184.0757	0.5	reading
1185.0757	0.5	reading
1186.0749	0.5	reading
1187.0755	0.5	reading
1188.0759	0.5	reading
1189.0759	0.5	reading
1190.0756	0.5	reading
1191.0759	0.5	reading
1192.0758	0.5	reading
1193.0759	0.5	reading
1194.0758	0.5	reading
1195.0758	0.5	reading
1196.0758	0.5	reading
1197.0758	0.5	reading
1198.0754	0.5	reading
1199.0752	0.5	reading
1200.0758	0.5	reading
1201.0758	0.5	reading
1202.0755	0.5	reading
1203.0757	0.5	reading
1204.0759	0.5	reading
1205.0758	0.5	reading
1206.0756	0.5	reading
1207.0755	0.5	reading
1208.0758	0.5	reading
1209.0759	0.5	reading
1210.0758	0.5	reading
1211.075	0.5	reading
1212.0758	0.5	reading
1213.0748	0.5	reading
1214.0755	0.5	reading
1215.0755	0.5	reading
1216.0755	0.5	reading
1217.0753	0.5	reading
1218.0754	0.5	reading
1219.0753	0.5	reading
1220.0757	0.5	reading
1221.0751	0.5	reading
1222.0758	0.5	reading
1223.0751	0.5	reading
1224.0756	0.5	reading
1225.0746	0.5	reading
1226.0751	0.5	reading
1227.0749	0.5	reading
1228.075	0.5	reading
1229.0749	0.5	reading
1230.0754	0.5	reading
1231.0763	0.5	reading
1232.0761	0.5	reading
1233.0747	0.5	reading
1234.0754	0.5	reading
1235.0744	0.5	reading
1236.0751	0.5	reading
1237.0755	0.5	reading
1238.0749	0.5	reading
1239.0754	0.5	reading
1240.0757	0.5	reading
1241.0756	0.5	reading
1242.0753	0.5	reading
1243.0752	0.5	reading
1244.0756	0.5	reading
1245.0749	0.5	reading
1246.0756	0.5	reading
1247.0751	0.5	reading
1248.0755	0.5	reading
1249.075	0.5	reading
1250.0748	0.5	reading
1251.0756	0.5	reading
1252.0756	0.5	reading
1253.0756	0.5	reading
1254.0748	0.5	reading
1255.0754	0.5	reading
1256.0748	0.5	reading
1257.0751	0.5	reading
1258.0747	0.5	reading
1259.0755	0.5	reading
1260.0747	0.5	reading
1261.0756	0.5	reading
1262.0755	0.5	reading
1263.0747	0.5	reading
1264.0747	0.5	reading
1265.0756	0.5	reading
1266.0749	0.5	reading
1267.0755	0.5	reading
1268.0755	0.5	reading
1269.0755	0.5	reading
1270.0749	0.5	reading
1271.0747	0.5	reading
1272.0754	0.5	reading
1273.0748	0.5	reading
1274.0747	0.5	reading
1275.0755	0.5	reading
1276.0754	0.5	reading
1277.0755	0.5	reading
1278.0755	0.5	reading
1279.0746	0.5	reading
1280.0755	0.5	reading
1281.0755	0.5	reading
1282.0753	0.5	reading
1283.0753	0.5	reading
1284.0754	0.5	reading
1285.0746	0.5	reading
1286.0746	0.5	reading
1287.0753	0.5	reading
1288.0746	0.5	reading
1289.0747	0.5	reading
1290.0754	0.5	reading
1291.075	0.5	reading
1292.0754	0.5	reading
1293.0943	0.5	reading
1335.1748	0.5	reading
1336.1744	0.5	reading
1337.1749	0.5	reading
1338.1745	0.5	reading
1339.1742	0.5	reading
1340.1749	0.5	reading
1341.1742	0.5	reading
1342.1749	0.5	reading
1343.1758	0.5	reading
1344.1747	0.5	reading
1345.1748	0.5	reading
1346.1746	0.5	reading
1347.1747	0.5	reading
1348.1744	0.5	reading
1349.175	0.5	reading
1350.175	0.5	reading
1351.1745	0.5	reading
1352.1751	0.5	reading
1353.175	0.5	reading
1354.175	0.5	reading
1355.1747	0.5	reading
1356.1743	0.5	reading
1357.1751	0.5	reading
1358.175	0.5	reading
1359.1749	0.5	reading
1360.175	0.5	reading
1361.175	0.5	reading
1362.1744	0.5	reading
1363.1745	0.5	reading
1364.1749	0.5	reading
1365.1745	0.5	reading
1366.1743	0.5	reading
1367.1749	0.5	reading
1368.1748	0.5	reading
1369.1743	0.5	reading
1370.1747	0.5	reading
1371.175	0.5	reading
1372.175	0.5	reading
1373.175	0.5	reading
1374.1749	0.5	reading
1375.175	0.5	reading
1376.1749	0.5	reading
1377.1748	0.5	reading
1378.1743	0.5	reading
1379.1742	0.5	reading
1380.1749	0.5	reading
1381.1749	0.5	reading
1382.1749	0.5	reading
1383.1748	0.5	reading
1384.1755	0.5	reading
1385.1748	0.5	reading
1386.1749	0.5	reading
1387.1747	0.5	reading
1388.1748	0.5	reading
1389.1741	0.5	reading
1390.1741	0.5	reading
1391.1749	0.5	reading
1392.1761	0.5	reading
1393.1744	0.5	reading
1394.1745	0.5	reading
1395.1745	0.5	reading
1396.1748	0.5	reading
1397.1745	0.5	reading
1398.1747	0.5	reading
1399.1749	0.5	reading
1400.1748	0.5	reading
1401.1749	0.5	reading
1402.1745	0.5	reading
1403.1748	0.5	reading
1404.1746	0.5	reading
1405.1748	0.5	reading
1406.174	0.5	reading
1407.1745	0.5	reading
1408.1748	0.5	reading
1409.1746	0.5	reading
1410.1747	0.5	reading
1411.1739	0.5	reading
1412.174	0.5	reading
1413.1747	0.5	reading
1414.1744	0.5	reading
1415.1743	0.5	reading
1416.1747	0.5	reading
1417.1747	0.5	reading
1418.1747	0.5	reading
1419.1743	0.5	reading
1420.1746	0.5	reading
1421.1747	0.5	reading
1422.1743	0.5	reading
1423.1741	0.5	reading
1424.1747	0.5	reading
1425.1747	0.5	reading
1426.1743	0.5	reading
1427.1747	0.5	reading
1428.1745	0.5	reading
1429.1744	0.5	reading
1430.1737	0.5	reading
1431.1742	0.5	reading
1432.1746	0.5	reading
1433.1745	0.5	reading
1434.1743	0.5	reading
1435.1746	0.5	reading
1436.1746	0.5	reading
1437.1746	0.5	reading
1438.1743	0.5	reading
1439.1746	0.5	reading
1440.1746	0.5	reading
1441.174	0.5	reading
1442.1743	0.5	reading
1443.1746	0.5	reading
1444.1739	0.5	reading
1445.1746	0.5	reading
1446.1746	0.5	reading
1447.1741	0.5	reading
1476.441	0.5	reading
1477.4403	0.5	reading
1478.4402	0.5	reading
1479.4399	0.5	reading
1480.4408	0.5	reading
1481.4409	0.5	reading
1482.4409	0.5	reading
1483.441	0.5	reading
1484.4402	0.5	reading
1485.4401	0.5	reading
1486.441	0.5	reading
1487.4402	0.5	reading
1488.441	0.5	reading
1489.4409	0.5	reading
1490.441	0.5	reading
1491.4409	0.5	reading
1492.4399	0.5	reading
1493.4409	0.5	reading
1494.4409	0.5	reading
1495.4593	0.5	reading
1496.4759	0.5	reading
1497.4925	0.5	reading
1498.5092	0.5	reading
1499.5088	0.5	reading
1500.5068	0.5	reading
1501.526	0.5	reading
1502.5426	0.5	reading
1503.5593	0.5	reading
1504.5585	0.5	reading
1505.5759	0.5	reading
1506.5745	0.5	reading
1507.5925	0.5	reading
1508.5901	0.5	reading
1509.5903	0.5	reading
1510.5909	0.5	reading
1511.5905	0.5	reading
1512.5902	0.5	reading
1513.5905	0.5	reading
1514.5909	0.5	reading
1515.5901	0.5	reading
1516.5907	0.5	reading
1517.5903	0.5	reading
1518.5908	0.5	reading
1519.5916	0.5	reading
1520.5909	0.5	reading
1521.59	0.5	reading
1522.59	0.5	reading
1523.5901	0.5	reading
1524.5906	0.5	reading
1525.5907	0.5	reading
1526.6073	0.5	reading
1570.6566	0.5	reading
1571.6563	0.5	reading
1572.6565	0.5	reading
1573.657	0.5	reading
1574.6571	0.5	reading
1575.6564	0.5	reading
1576.6571	0.5	reading
1577.6568	0.5	reading
1578.6564	0.5	reading
1579.6568	0.5	reading
1580.6571	0.5	reading
1581.6566	0.5	reading
1582.6571	0.5	reading
1583.6567	0.5	reading
1584.6563	0.5	reading
1585.6564	0.5	reading
1586.6572	0.5	reading
1587.6571	0.5	reading
1588.6571	0.5	reading
1589.6571	0.5	reading
1590.6568	0.5	reading
1591.6562	0.5	reading
1592.6571	0.5	reading
1593.6565	0.5	reading
1594.6581	0.5	reading
1595.657	0.5	reading
1596.6572	0.5	reading
1597.6571	0.5	reading
1598.6567	0.5	reading
1599.6567	0.5	reading
1600.6563	0.5	reading
1601.657	0.5	reading
1602.6564	0.5	reading
1603.6562	0.5	reading
1604.657	0.5	reading
1605.657	0.5	reading
1606.657	0.5	reading
1607.657	0.5	reading
1608.6568	0.5	reading
1609.6562	0.5	reading
1610.6562	0.5	reading
1611.6567	0.5	reading
1612.6562	0.5	reading
1613.6568	0.5	reading
1614.6569	0.5	reading
1656.573	0.5	reading
1657.5725	0.5	reading
1658.5725	0.5	reading
1659.5743	0.5	reading
1660.5725	0.5	reading
1661.5732	0.5	reading
1662.5732	0.5	reading
1663.5725	0.5	reading
1664.5724	0.5	reading
1665.5724	0.5	reading
1666.573	0.5	reading
1667.5732	0.5	reading
1668.5732	0.5	reading
1669.5732	0.5	reading
1670.5725	0.5	reading
1671.5725	0.5	reading
1700.4223	0.5	reading
1701.4223	0.5	reading
1702.4243	0.5	reading
1703.4223	0.5	reading
1704.4221	0.5	reading
1705.4231	0.5	reading
1706.4229	0.5	reading
1707.4222	0.5	reading
1708.4222	0.5	reading
1709.4227	0.5	reading
1710.4222	0.5	reading
1711.4396	0.5	reading
1712.4389	0.5	reading
1713.4389	0.5	reading
1714.4394	0.5	reading
1715.439	0.5	reading
1716.4396	0.5	reading
1717.4389	0.5	reading
1718.4582	0.5	reading
1719.4563	0.5	reading
1720.4563	0.5	reading
1721.456	0.5	reading
1722.4562	0.5	reading
1723.4555	0.5	reading
1724.4563	0.5	reading
1725.4562	0.5	reading
1726.4555	0.5	reading
1727.4563	0.5	reading
1728.4563	0.5	reading
1729.4555	0.5	reading
1730.456	0.5	reading
1731.4561	0.5	reading
1732.4562	0.5	reading
1733.456	0.5	reading
1734.5076	0.5	reading
1735.5056	0.5	reading
1736.5061	0.5	reading
1737.5061	0.5	reading
1738.5061	0.5	reading
1739.5062	0.5	reading
1740.5054	0.5	reading
1741.5058	0.5	reading
1742.5061	0.5	reading
1743.5058	0.5	reading
1744.5062	0.5	reading
1745.506	0.5	reading
1746.5059	0.5	reading
1747.5059	0.5	reading
1748.5062	0.5	reading
1749.5061	0.5	reading
1750.5051	0.5	reading
1751.5061	0.5	reading
1752.5053	0.5	reading
1753.5054	0.5	reading
1754.5057	0.5	reading
1755.5057	0.5	reading
1756.5061	0.5	reading
1757.5059	0.5	reading
1758.5061	0.5	reading
1759.5061	0.5	reading
1760.5053	0.5	reading
1761.5061	0.5	reading
1762.5056	0.5	reading
1763.5059	0.5	reading
1764.5061	0.5	reading
1765.5061	0.5	reading
1766.5061	0.5	reading
1767.506	0.5	reading
1768.5053	0.5	reading
1769.5057	0.5	reading
1770.5061	0.5	reading
1771.5061	0.5	reading
1772.5225	0.5	reading
1773.5219	0.5	reading
1774.5226	0.5	reading
1775.5223	0.5	reading
1776.5222	0.5	reading
1777.5222	0.5	reading
1778.5219	0.5	reading
1779.5222	0.5	reading
1780.5221	0.5	reading
1781.5221	0.5	reading
1782.5223	0.5	reading
1783.5221	0.5	reading
1784.5223	0.5	reading
1785.5223	0.5	reading
1786.5392	0.5	reading
1787.5385	0.5	reading
1788.5392	0.5	reading
1789.5389	0.5	reading
1790.5392	0.5	reading
1791.5393	0.5	reading
1792.5392	0.5	reading
1793.5386	0.5	reading
1794.5392	0.5	reading
1795.5389	0.5	reading
1796.5389	0.5	reading
1797.5384	0.5	reading
1798.5384	0.5	reading
1799.5392	0.5	reading
1800.5392	0.5	reading
1801.539	0.5	reading
1802.5384	0.5	reading
1803.5385	0.5	reading
1804.5391	0.5	reading
1805.5392	0.5	reading
1843.1214	0.5	reading
1844.1221	0.5	reading
1845.1222	0.5	reading
1846.1222	0.5	reading
1847.1222	0.5	reading
1848.1212	0.5	reading
1849.1222	0.5	reading
1850.1215	0.5	reading
1851.1215	0.5	reading
1852.1216	0.5	reading
1853.122	0.5	reading
1854.1217	0.5	reading
1855.1221	0.5	reading
1856.1222	0.5	reading
1857.1221	0.5	reading
1858.1219	0.5	reading
1859.1219	0.5	reading
1860.1218	0.5	reading
1861.1216	0.5	reading
1862.1215	0.5	reading
1863.1214	0.5	reading
1864.1222	0.5	reading
1865.1221	0.5	reading
1866.1214	0.5	reading
1867.1221	0.5	reading
1868.1221	0.5	reading
1869.1221	0.5	reading
1870.1218	0.5	reading
1871.1219	0.5	reading
1872.1213	0.5	reading
1873.1216	0.5	reading
1874.1217	0.5	reading
1875.122	0.5	reading
1876.1221	0.5	reading
1877.122	0.5	reading
1878.1221	0.5	reading
1879.1221	0.5	reading
1880.1221	0.5	reading
1881.1213	0.5	reading
1882.1221	0.5	reading
1883.122	0.5	reading
1884.122	0.5	reading
1885.122	0.5	reading
1886.122	0.5	reading
1887.122	0.5	reading
1888.1216	0.5	reading
1889.1224	0.5	reading
1890.122	0.5	reading
1891.1219	0.5	reading
1892.1221	0.5	reading
1893.1218	0.5	reading
1894.1213	0.5	reading
1895.1217	0.5	reading
1896.1221	0.5	reading
1897.122	0.5	reading
1898.1219	0.5	reading
1899.1217	0.5	reading
1900.1221	0.5	reading
1901.122	0.5	reading
1902.1216	0.5	reading
1903.1213	0.5	reading
1904.1216	0.5	reading
1905.1216	0.5	reading
1906.1217	0.5	reading
1907.1218	0.5	reading
1908.1218	0.5	reading
1909.122	0.5	reading
1910.122	0.5	reading
1911.1211	0.5	reading
1912.1214	0.5	reading
1913.1219	0.5	reading
1914.1211	0.5	reading
1915.1218	0.5	reading
1916.1218	0.5	reading
1917.1211	0.5	reading
1918.1219	0.5	reading
1919.1218	0.5	reading
1920.1215	0.5	reading
1921.1218	0.5	reading
1922.1215	0.5	reading
1923.1219	0.5	reading
1924.1218	0.5	reading
1925.1217	0.5	reading
1926.1218	0.5	reading
1927.1218	0.5	reading
1928.1217	0.5	reading
1929.1216	0.5	reading
1930.1217	0.5	reading
1931.1217	0.5	reading
1932.1216	0.5	reading
1933.1213	0.5	reading
1934.121	0.5	reading
1935.1213	0.5	reading
1936.1218	0.5	reading
1937.1214	0.5	reading
1938.1215	0.5	reading
1939.1217	0.5	reading
1940.1213	0.5	reading
1941.1219	0.5	reading
1942.1217	0.5	reading
1943.1215	0.5	reading
1944.1217	0.5	reading
1945.1207	0.5	reading
1946.1217	0.5	reading
1947.1217	0.5	reading
1948.1217	0.5	reading
1949.1217	0.5	reading
1950.1214	0.5	reading
1951.1217	0.5	reading
1952.1218	0.5	reading
1953.1215	0.5	reading
1954.1217	0.5	reading
1955.1212	0.5	reading
1956.1212	0.5	reading
1957.1215	0.5	reading
1958.1209	0.5	reading
1959.1211	0.5	reading
1960.1217	0.5	reading
1961.1213	0.5	reading
1962.121	0.5	reading
1963.1212	0.5	reading
1964.121	0.5	reading
1965.1216	0.5	reading
1966.1216	0.5	reading
1967.1213	0.5	reading
1968.1213	0.5	reading
1969.1208	0.5	reading
1970.1211	0.5	reading
1971.1209	0.5	reading
1972.1213	0.5	reading
1973.1212	0.5	reading
1974.1213	0.5	reading
1975.1213	0.5	reading
1976.1216	0.5	reading
1977.1216	0.5	reading
1978.1216	0.5	reading
1979.1212	0.5	reading
1980.1215	0.5	reading
1981.1214	0.5	reading
1982.1212	0.5	reading
1983.1215	0.5	reading
1984.1214	0.5	reading
1985.1212	0.5	reading
1986.1208	0.5	reading
1987.1212	0.5	reading
1988.1207	0.5	reading
1989.1207	0.5	reading
1990.121	0.5	reading
1991.1212	0.5	reading
1992.1215	0.5	reading
1993.1207	0.5	reading
1994.1215	0.5	reading
1995.1215	0.5	reading
1996.1211	0.5	reading
1997.1214	0.5	reading
1998.1211	0.5	reading
1999.1212	0.5	reading
2000.1207	0.5	reading
2001.1214	0.5	reading
2002.1207	0.5	reading
2003.1215	0.5	reading
2004.1214	0.5	reading
2005.1213	0.5	reading
2006.1211	0.5	reading
2007.1213	0.5	reading
2008.1214	0.5	reading
2009.1213	0.5	reading
2010.1213	0.5	reading
2011.1214	0.5	reading
2012.1213	0.5	reading
2013.1212	0.5	reading
2014.1214	0.5	reading
2015.1214	0.5	reading
2016.1209	0.5	reading
2017.1214	0.5	reading
2018.1214	0.5	reading
2019.1211	0.5	reading
2020.1214	0.5	reading
2021.1208	0.5	reading
2022.1212	0.5	reading
2023.1206	0.5	reading
2024.1209	0.5	reading
2025.1208	0.5	reading
2026.1209	0.5	reading
2027.121	0.5	reading
2053.0724	0.5	reading
2054.0704	0.5	reading
2055.0703	0.5	reading
2056.0703	0.5	reading
2057.0704	0.5	reading
2058.0701	0.5	reading
2059.0711	0.5	reading
2060.0704	0.5	reading
2061.0703	0.5	reading
2062.0708	0.5	reading
2063.0704	0.5	reading
2064.0707	0.5	reading
2065.0706	0.5	reading
2066.0711	0.5	reading
2067.0704	0.5	reading
2068.0711	0.5	reading
2069.0709	0.5	reading
2070.0707	0.5	reading
2071.0706	0.5	reading
2072.0711	0.5	reading
2073.0708	0.5	reading
2074.0708	0.5	reading
2075.0704	0.5	reading
2076.0703	0.5	reading
2077.0707	0.5	reading
2078.0707	0.5	reading
2079.0703	0.5	reading
2080.0707	0.5	reading
2081.0703	0.5	reading
2082.0721	0.5	reading
2083.0704	0.5	reading
2084.0702	0.5	reading
2085.0709	0.5	reading
2086.0702	0.5	reading
2087.0705	0.5	reading
2088.0707	0.5	reading
2089.0702	0.5	reading
2090.0703	0.5	reading
2091.0701	0.5	reading
2092.0708	0.5	reading
2093.0707	0.5	reading
2094.0707	0.5	reading
2095.0709	0.5	reading
2096.0703	0.5	reading
2097.0699	0.5	reading
2098.0704	0.5	reading
2099.0707	0.5	reading
2100.0707	0.5	reading
2101.0699	0.5	reading
2102.0702	0.5	reading
2103.0708	0.5	reading
2104.0706	0.5	reading
2105.0702	0.5	reading
2106.0707	0.5	reading
2107.0701	0.5	reading
2108.0706	0.5	reading
2109.0702	0.5	reading
2110.0706	0.5	reading
2111.0701	0.5	reading
2112.0709	0.5	reading
2113.0699	0.5	reading
2114.0701	0.5	reading
2115.0701	0.5	reading
2116.0706	0.5	reading
2117.0706	0.5	reading
2118.07	0.5	reading
2119.0701	0.5	reading
2120.0705	0.5	reading
2121.0701	0.5	reading
2122.0702	0.5	reading
2123.0701	0.5	reading
2124.0702	0.5	reading
2125.0708	0.5	reading
2126.0708	0.5	reading
2127.0703	0.5	reading
2128.0698	0.5	reading
2129.0706	0.5	reading
2130.07	0.5	reading
2131.0708	0.5	reading
2132.0707	0.5	reading
2133.07	0.5	reading
2134.0702	0.5	reading
2135.07	0.5	reading
2136.07	0.5	reading
2137.0706	0.5	reading
2138.0703	0.5	reading
2139.0705	0.5	reading
2140.0716	0.5	reading
2141.0703	0.5	reading
2142.0707	0.5	reading
2143.07	0.5	reading
2144.0707	0.5	reading
2145.0704	0.5	reading
2146.0703	0.5	reading
2147.0699	0.5	reading
2148.0707	0.5	reading
2149.0707	0.5	reading
2150.0703	0.5	reading
2151.0703	0.5	reading
2152.0705	0.5	reading
2153.0698	0.5	reading
2154.0698	0.5	reading
2155.0702	0.5	reading
2156.07	0.5	reading
2157.07	0.5	reading
2158.07	0.5	reading
2159.0704	0.5	reading
2160.07	0.5	reading
2161.0698	0.5	reading
2162.0701	0.5	reading
2163.0701	0.5	reading
2164.0707	0.5	reading
2165.0701	0.5	reading
2166.0696	0.5	reading
2167.0697	0.5	reading
2168.0702	0.5	reading
2169.07	0.5	reading
2170.0694	0.5	reading
2171.07	0.5	reading
2199.0537	0.5	reading
2200.0536	0.5	reading
2201.053	0.5	reading
2202.0531	0.5	reading
2203.0532	0.5	reading
2204.0532	0.5	reading
2205.053	0.5	reading
2206.0537	0.5	reading
2207.0533	0.5	reading
2208.0528	0.5	reading
2209.0537	0.5	reading
2210.0528	0.5	reading
2211.0531	0.5	reading
2212.0532	0.5	reading
2213.0529	0.5	reading
2214.0537	0.5	reading
2215.0537	0.5	reading
2216.0532	0.5	reading
2217.0533	0.5	reading
2218.0533	0.5	reading
2219.0529	0.5	reading
2220.0533	0.5	reading
2221.0534	0.5	reading
2222.0528	0.5	reading
2223.0532	0.5	reading
2224.0535	0.5	reading
2225.0528	0.5	reading
2226.0532	0.5	reading
2227.0529	0.5	reading
2228.0528	0.5	reading
2229.0529	0.5	reading
2230.054	0.5	reading
2231.0531	0.5	reading
2232.0528	0.5	reading
2233.0528	0.5	reading
2234.0529	0.5	reading
2235.0527	0.5	reading
2236.0527	0.5	reading
2237.0526	0.5	reading
2238.0527	0.5	reading
2239.0528	0.5	reading
2240.0534	0.5	reading
2241.0524	0.5	reading
2242.0534	0.5	reading
2243.0527	0.5	reading
2244.0527	0.5	reading
2245.0527	0.5	reading
2246.0528	0.5	reading
2247.0527	0.5	reading
2248.0527	0.5	reading
2249.0527	0.5	reading
2250.0534	0.5	reading
2276.9029	0.5	reading
2277.9025	0.5	reading
2278.9032	0.5	reading
2279.9033	0.5	reading
2280.9024	0.5	reading
2281.9028	0.5	reading
2282.9024	0.5	reading
2283.9024	0.5	reading
2284.9032	0.5	reading
2285.9028	0.5	reading
2286.9025	0.5	reading
2287.9029	0.5	reading
2288.9025	0.5	reading
2289.9032	0.5	reading
2290.9025	0.5	reading
2291.9031	0.5	reading
2292.9024	0.5	reading
2293.9027	0.5	reading
2294.9029	0.5	reading
2295.9028	0.5	reading
2296.9024	0.5	reading
2297.9024	0.5	reading
2298.9024	0.5	reading
2299.9029	0.5	reading
2300.9025	0.5	reading
2301.9027	0.5	reading
2302.9028	0.5	reading
2303.9025	0.5	reading
2304.9027	0.5	reading
2305.9023	0.5	reading
2306.9028	0.5	reading
2307.9025	0.5	reading
2308.9028	0.5	reading
2309.9031	0.5	reading
2310.9023	0.5	reading
2311.9023	0.5	reading
2312.9024	0.5	reading
2313.9214	0.5	reading
2314.9192	0.5	reading
2315.9197	0.5	reading
2316.9189	0.5	reading
2317.9196	0.5	reading
2318.9195	0.5	reading
2319.9189	0.5	reading
2320.9189	0.5	reading
2321.9192	0.5	reading
2322.9189	0.5	reading
2323.9194	0.5	reading
2324.9196	0.5	reading
2325.9189	0.5	reading
2326.9189	0.5	reading
2327.9194	0.5	reading
2328.9192	0.5	reading
2329.9197	0.5	reading
2330.9196	0.5	reading
2331.9188	0.5	reading
2332.9189	0.5	reading
2333.9197	0.5	reading
2334.9197	0.5	reading
2335.9188	0.5	reading
2336.9196	0.5	reading
2337.9197	0.5	reading
2338.9188	0.5	reading
2339.9188	0.5	reading
2340.9193	0.5	reading
2341.9193	0.5	reading
2342.9188	0.5	reading
2343.9189	0.5	reading
2344.919	0.5	reading
2345.9196	0.5	reading
2346.9188	0.5	reading
2347.9196	0.5	reading
2348.9188	0.5	reading
2349.9196	0.5	reading
2350.9195	0.5	reading
2351.9192	0.5	reading
2352.9188	0.5	reading
2353.9195	0.5	reading
2354.9188	0.5	reading
2355.9189	0.5	reading
2356.9187	0.5	reading
2357.9188	0.5	reading
2358.9195	0.5	reading
2359.9187	0.5	reading
2360.9187	0.5	reading
2361.9187	0.5	reading
2362.9189	0.5	reading
